"имя";"пол";"предмет";"четверть";"оценка"
"Дубровина Мария";"ж";"математика";1;4
"Дубровина Мария";"ж";"математика";2;4
"Дубровина Мария";"ж";"математика";3;3
"Дубровина Мария";"ж";"математика";4;4
"Дубровина Мария";"ж";"русский";1;5
"Дубровина Мария";"ж";"русский";2;3
"Дубровина Мария";"ж";"русский";3;5
"Дубровина Мария";"ж";"русский";4;5
"Дубровина Мария";"ж";"иностранный";1;5
"Дубровина Мария";"ж";"иностранный";2;4
"Дубровина Мария";"ж";"иностранный";3;3
"Дубровина Мария";"ж";"иностранный";4;5
"Дубровина Мария";"ж";"история";1;5
"Дубровина Мария";"ж";"история";2;3
"Дубровина Мария";"ж";"история";3;3
"Дубровина Мария";"ж";"история";4;4
"Дубровина Мария";"ж";"физика";1;3
"Дубровина Мария";"ж";"физика";2;4
"Дубровина Мария";"ж";"физика";3;5
"Дубровина Мария";"ж";"физика";4;2
"Гончаров Петр";"м";"математика";1;3
"Гончаров Петр";"м";"математика";2;5
"Гончаров Петр";"м";"математика";3;5
"Гончаров Петр";"м";"математика";4;2
"Гончаров Петр";"м";"русский";1;3
"Гончаров Петр";"м";"русский";2;4
"Гончаров Петр";"м";"русский";3;4
"Гончаров Петр";"м";"русский";4;4
"Гончаров Петр";"м";"иностранный";1;4
"Гончаров Петр";"м";"иностранный";2;2
"Гончаров Петр";"м";"иностранный";3;4
"Гончаров Петр";"м";"иностранный";4;4
"Гончаров Петр";"м";"история";1;4
"Гончаров Петр";"м";"история";2;4
"Гончаров Петр";"м";"история";3;4
"Гончаров Петр";"м";"история";4;4
"Гончаров Петр";"м";"физика";1;4
"Гончаров Петр";"м";"физика";2;3
"Гончаров Петр";"м";"физика";3;3
"Гончаров Петр";"м";"физика";4;3
"Копылова Анастасия";"ж";"математика";1;3
"Копылова Анастасия";"ж";"математика";2;5
"Копылова Анастасия";"ж";"математика";3;4
"Копылова Анастасия";"ж";"математика";4;5
"Копылова Анастасия";"ж";"русский";1;5
"Копылова Анастасия";"ж";"русский";2;5
"Копылова Анастасия";"ж";"русский";3;3
"Копылова Анастасия";"ж";"русский";4;4
"Копылова Анастасия";"ж";"иностранный";1;4
"Копылова Анастасия";"ж";"иностранный";2;5
"Копылова Анастасия";"ж";"иностранный";3;3
"Копылова Анастасия";"ж";"иностранный";4;3
"Копылова Анастасия";"ж";"история";1;4
"Копылова Анастасия";"ж";"история";2;4
"Копылова Анастасия";"ж";"история";3;4
"Копылова Анастасия";"ж";"история";4;5
"Копылова Анастасия";"ж";"физика";1;3
"Копылова Анастасия";"ж";"физика";2;3
"Копылова Анастасия";"ж";"физика";3;4
"Копылова Анастасия";"ж";"физика";4;5
"Афанасьева Виктория";"ж";"математика";1;5
"Афанасьева Виктория";"ж";"математика";2;4
"Афанасьева Виктория";"ж";"математика";3;3
"Афанасьева Виктория";"ж";"математика";4;5
"Афанасьева Виктория";"ж";"русский";1;3
"Афанасьева Виктория";"ж";"русский";2;5
"Афанасьева Виктория";"ж";"русский";3;2
"Афанасьева Виктория";"ж";"русский";4;3
"Афанасьева Виктория";"ж";"иностранный";1;4
"Афанасьева Виктория";"ж";"иностранный";2;5
"Афанасьева Виктория";"ж";"иностранный";3;3
"Афанасьева Виктория";"ж";"иностранный";4;2
"Афанасьева Виктория";"ж";"история";1;5
"Афанасьева Виктория";"ж";"история";2;4
"Афанасьева Виктория";"ж";"история";3;4
"Афанасьева Виктория";"ж";"история";4;3
"Афанасьева Виктория";"ж";"физика";1;3
"Афанасьева Виктория";"ж";"физика";2;3
"Афанасьева Виктория";"ж";"физика";3;5
"Афанасьева Виктория";"ж";"физика";4;2
"Синицын Игорь";"м";"математика";1;3
"Синицын Игорь";"м";"математика";2;3
"Синицын Игорь";"м";"математика";3;4
"Синицын Игорь";"м";"математика";4;4
"Синицын Игорь";"м";"русский";1;5
"Синицын Игорь";"м";"русский";2;3
"Синицын Игорь";"м";"русский";3;4
"Синицын Игорь";"м";"русский";4;4
"Синицын Игорь";"м";"иностранный";1;5
"Синицын Игорь";"м";"иностранный";2;3
"Синицын Игорь";"м";"иностранный";3;4
"Синицын Игорь";"м";"иностранный";4;5
"Синицын Игорь";"м";"история";1;5
"Синицын Игорь";"м";"история";2;5
"Синицын Игорь";"м";"история";3;3
"Синицын Игорь";"м";"история";4;3
"Синицын Игорь";"м";"физика";1;4
"Синицын Игорь";"м";"физика";2;3
"Синицын Игорь";"м";"физика";3;4
"Синицын Игорь";"м";"физика";4;5
"Краснов Петр";"м";"математика";1;3
"Краснов Петр";"м";"математика";2;5
"Краснов Петр";"м";"математика";3;5
"Краснов Петр";"м";"математика";4;4
"Краснов Петр";"м";"русский";1;4
"Краснов Петр";"м";"русский";2;3
"Краснов Петр";"м";"русский";3;3
"Краснов Петр";"м";"русский";4;4
"Краснов Петр";"м";"иностранный";1;3
"Краснов Петр";"м";"иностранный";2;3
"Краснов Петр";"м";"иностранный";3;3
"Краснов Петр";"м";"иностранный";4;5
"Краснов Петр";"м";"история";1;5
"Краснов Петр";"м";"история";2;4
"Краснов Петр";"м";"история";3;2
"Краснов Петр";"м";"история";4;5
"Краснов Петр";"м";"физика";1;4
"Краснов Петр";"м";"физика";2;5
"Краснов Петр";"м";"физика";3;4
"Краснов Петр";"м";"физика";4;4
"Давыдов Алексей";"м";"математика";1;3
"Давыдов Алексей";"м";"математика";2;4
"Давыдов Алексей";"м";"математика";3;4
"Давыдов Алексей";"м";"математика";4;3
"Давыдов Алексей";"м";"русский";1;4
"Давыдов Алексей";"м";"русский";2;5
"Давыдов Алексей";"м";"русский";3;5
"Давыдов Алексей";"м";"русский";4;3
"Давыдов Алексей";"м";"иностранный";1;5
"Давыдов Алексей";"м";"иностранный";2;5
"Давыдов Алексей";"м";"иностранный";3;2
"Давыдов Алексей";"м";"иностранный";4;3
"Давыдов Алексей";"м";"история";1;2
"Давыдов Алексей";"м";"история";2;3
"Давыдов Алексей";"м";"история";3;5
"Давыдов Алексей";"м";"история";4;3
"Давыдов Алексей";"м";"физика";1;4
"Давыдов Алексей";"м";"физика";2;5
"Давыдов Алексей";"м";"физика";3;2
"Давыдов Алексей";"м";"физика";4;4
"Нечаева Мария";"ж";"математика";1;4
"Нечаева Мария";"ж";"математика";2;3
"Нечаева Мария";"ж";"математика";3;3
"Нечаева Мария";"ж";"математика";4;5
"Нечаева Мария";"ж";"русский";1;5
"Нечаева Мария";"ж";"русский";2;3
"Нечаева Мария";"ж";"русский";3;3
"Нечаева Мария";"ж";"русский";4;5
"Нечаева Мария";"ж";"иностранный";1;4
"Нечаева Мария";"ж";"иностранный";2;5
"Нечаева Мария";"ж";"иностранный";3;4
"Нечаева Мария";"ж";"иностранный";4;4
"Нечаева Мария";"ж";"история";1;3
"Нечаева Мария";"ж";"история";2;3
"Нечаева Мария";"ж";"история";3;5
"Нечаева Мария";"ж";"история";4;4
"Нечаева Мария";"ж";"физика";1;5
"Нечаева Мария";"ж";"физика";2;3
"Нечаева Мария";"ж";"физика";3;5
"Нечаева Мария";"ж";"физика";4;5
"Евдокимова Светлана";"ж";"математика";1;5
"Евдокимова Светлана";"ж";"математика";2;5
"Евдокимова Светлана";"ж";"математика";3;5
"Евдокимова Светлана";"ж";"математика";4;5
"Евдокимова Светлана";"ж";"русский";1;5
"Евдокимова Светлана";"ж";"русский";2;5
"Евдокимова Светлана";"ж";"русский";3;5
"Евдокимова Светлана";"ж";"русский";4;5
"Евдокимова Светлана";"ж";"иностранный";1;5
"Евдокимова Светлана";"ж";"иностранный";2;5
"Евдокимова Светлана";"ж";"иностранный";3;5
"Евдокимова Светлана";"ж";"иностранный";4;5
"Евдокимова Светлана";"ж";"история";1;5
"Евдокимова Светлана";"ж";"история";2;5
"Евдокимова Светлана";"ж";"история";3;5
"Евдокимова Светлана";"ж";"история";4;5
"Евдокимова Светлана";"ж";"физика";1;5
"Евдокимова Светлана";"ж";"физика";2;5
"Евдокимова Светлана";"ж";"физика";3;5
"Евдокимова Светлана";"ж";"физика";4;5
"Лапина Анастасия";"ж";"математика";1;3
"Лапина Анастасия";"ж";"математика";2;5
"Лапина Анастасия";"ж";"математика";3;5
"Лапина Анастасия";"ж";"математика";4;5
"Лапина Анастасия";"ж";"русский";1;2
"Лапина Анастасия";"ж";"русский";2;3
"Лапина Анастасия";"ж";"русский";3;4
"Лапина Анастасия";"ж";"русский";4;2
"Лапина Анастасия";"ж";"иностранный";1;4
"Лапина Анастасия";"ж";"иностранный";2;3
"Лапина Анастасия";"ж";"иностранный";3;5
"Лапина Анастасия";"ж";"иностранный";4;4
"Лапина Анастасия";"ж";"история";1;5
"Лапина Анастасия";"ж";"история";2;2
"Лапина Анастасия";"ж";"история";3;3
"Лапина Анастасия";"ж";"история";4;4
"Лапина Анастасия";"ж";"физика";1;3
"Лапина Анастасия";"ж";"физика";2;3
"Лапина Анастасия";"ж";"физика";3;5
"Лапина Анастасия";"ж";"физика";4;4
"Елисеева Светлана";"ж";"математика";1;3
"Елисеева Светлана";"ж";"математика";2;3
"Елисеева Светлана";"ж";"математика";3;4
"Елисеева Светлана";"ж";"математика";4;5
"Елисеева Светлана";"ж";"русский";1;4
"Елисеева Светлана";"ж";"русский";2;4
"Елисеева Светлана";"ж";"русский";3;4
"Елисеева Светлана";"ж";"русский";4;3
"Елисеева Светлана";"ж";"иностранный";1;5
"Елисеева Светлана";"ж";"иностранный";2;2
"Елисеева Светлана";"ж";"иностранный";3;4
"Елисеева Светлана";"ж";"иностранный";4;3
"Елисеева Светлана";"ж";"история";1;3
"Елисеева Светлана";"ж";"история";2;3
"Елисеева Светлана";"ж";"история";3;4
"Елисеева Светлана";"ж";"история";4;2
"Елисеева Светлана";"ж";"физика";1;2
"Елисеева Светлана";"ж";"физика";2;4
"Елисеева Светлана";"ж";"физика";3;5
"Елисеева Светлана";"ж";"физика";4;4
"Богданова Анна";"ж";"математика";1;5
"Богданова Анна";"ж";"математика";2;5
"Богданова Анна";"ж";"математика";3;3
"Богданова Анна";"ж";"математика";4;2
"Богданова Анна";"ж";"русский";1;5
"Богданова Анна";"ж";"русский";2;3
"Богданова Анна";"ж";"русский";3;3
"Богданова Анна";"ж";"русский";4;5
"Богданова Анна";"ж";"иностранный";1;2
"Богданова Анна";"ж";"иностранный";2;4
"Богданова Анна";"ж";"иностранный";3;5
"Богданова Анна";"ж";"иностранный";4;2
"Богданова Анна";"ж";"история";1;5
"Богданова Анна";"ж";"история";2;2
"Богданова Анна";"ж";"история";3;3
"Богданова Анна";"ж";"история";4;5
"Богданова Анна";"ж";"физика";1;3
"Богданова Анна";"ж";"физика";2;4
"Богданова Анна";"ж";"физика";3;4
"Богданова Анна";"ж";"физика";4;3
"Фомичев Виктор";"м";"математика";1;3
"Фомичев Виктор";"м";"математика";2;4
"Фомичев Виктор";"м";"математика";3;4
"Фомичев Виктор";"м";"математика";4;3
"Фомичев Виктор";"м";"русский";1;3
"Фомичев Виктор";"м";"русский";2;3
"Фомичев Виктор";"м";"русский";3;5
"Фомичев Виктор";"м";"русский";4;5
"Фомичев Виктор";"м";"иностранный";1;5
"Фомичев Виктор";"м";"иностранный";2;3
"Фомичев Виктор";"м";"иностранный";3;5
"Фомичев Виктор";"м";"иностранный";4;5
"Фомичев Виктор";"м";"история";1;4
"Фомичев Виктор";"м";"история";2;3
"Фомичев Виктор";"м";"история";3;5
"Фомичев Виктор";"м";"история";4;4
"Фомичев Виктор";"м";"физика";1;4
"Фомичев Виктор";"м";"физика";2;3
"Фомичев Виктор";"м";"физика";3;3
"Фомичев Виктор";"м";"физика";4;4
"Буров Станислав";"м";"математика";1;4
"Буров Станислав";"м";"математика";2;5
"Буров Станислав";"м";"математика";3;5
"Буров Станислав";"м";"математика";4;5
"Буров Станислав";"м";"русский";1;5
"Буров Станислав";"м";"русский";2;5
"Буров Станислав";"м";"русский";3;4
"Буров Станислав";"м";"русский";4;5
"Буров Станислав";"м";"иностранный";1;5
"Буров Станислав";"м";"иностранный";2;5
"Буров Станислав";"м";"иностранный";3;4
"Буров Станислав";"м";"иностранный";4;5
"Буров Станислав";"м";"история";1;5
"Буров Станислав";"м";"история";2;5
"Буров Станислав";"м";"история";3;5
"Буров Станислав";"м";"история";4;5
"Буров Станислав";"м";"физика";1;5
"Буров Станислав";"м";"физика";2;5
"Буров Станислав";"м";"физика";3;4
"Буров Станислав";"м";"физика";4;5
"Колосова Галина";"ж";"математика";1;5
"Колосова Галина";"ж";"математика";2;3
"Колосова Галина";"ж";"математика";3;5
"Колосова Галина";"ж";"математика";4;3
"Колосова Галина";"ж";"русский";1;5
"Колосова Галина";"ж";"русский";2;3
"Колосова Галина";"ж";"русский";3;3
"Колосова Галина";"ж";"русский";4;4
"Колосова Галина";"ж";"иностранный";1;4
"Колосова Галина";"ж";"иностранный";2;5
"Колосова Галина";"ж";"иностранный";3;4
"Колосова Галина";"ж";"иностранный";4;3
"Колосова Галина";"ж";"история";1;5
"Колосова Галина";"ж";"история";2;4
"Колосова Галина";"ж";"история";3;5
"Колосова Галина";"ж";"история";4;4
"Колосова Галина";"ж";"физика";1;5
"Колосова Галина";"ж";"физика";2;3
"Колосова Галина";"ж";"физика";3;3
"Колосова Галина";"ж";"физика";4;4
"Блинова Светлана";"ж";"математика";1;2
"Блинова Светлана";"ж";"математика";2;5
"Блинова Светлана";"ж";"математика";3;3
"Блинова Светлана";"ж";"математика";4;4
"Блинова Светлана";"ж";"русский";1;5
"Блинова Светлана";"ж";"русский";2;3
"Блинова Светлана";"ж";"русский";3;3
"Блинова Светлана";"ж";"русский";4;5
"Блинова Светлана";"ж";"иностранный";1;2
"Блинова Светлана";"ж";"иностранный";2;4
"Блинова Светлана";"ж";"иностранный";3;4
"Блинова Светлана";"ж";"иностранный";4;5
"Блинова Светлана";"ж";"история";1;4
"Блинова Светлана";"ж";"история";2;3
"Блинова Светлана";"ж";"история";3;3
"Блинова Светлана";"ж";"история";4;5
"Блинова Светлана";"ж";"физика";1;4
"Блинова Светлана";"ж";"физика";2;4
"Блинова Светлана";"ж";"физика";3;5
"Блинова Светлана";"ж";"физика";4;5
"Жарова Антонина";"ж";"математика";1;3
"Жарова Антонина";"ж";"математика";2;4
"Жарова Антонина";"ж";"математика";3;4
"Жарова Антонина";"ж";"математика";4;4
"Жарова Антонина";"ж";"русский";1;4
"Жарова Антонина";"ж";"русский";2;5
"Жарова Антонина";"ж";"русский";3;3
"Жарова Антонина";"ж";"русский";4;4
"Жарова Антонина";"ж";"иностранный";1;5
"Жарова Антонина";"ж";"иностранный";2;4
"Жарова Антонина";"ж";"иностранный";3;5
"Жарова Антонина";"ж";"иностранный";4;5
"Жарова Антонина";"ж";"история";1;3
"Жарова Антонина";"ж";"история";2;5
"Жарова Антонина";"ж";"история";3;4
"Жарова Антонина";"ж";"история";4;4
"Жарова Антонина";"ж";"физика";1;3
"Жарова Антонина";"ж";"физика";2;4
"Жарова Антонина";"ж";"физика";3;3
"Жарова Антонина";"ж";"физика";4;5
"Королев Николай";"м";"математика";1;5
"Королев Николай";"м";"математика";2;3
"Королев Николай";"м";"математика";3;3
"Королев Николай";"м";"математика";4;5
"Королев Николай";"м";"русский";1;4
"Королев Николай";"м";"русский";2;3
"Королев Николай";"м";"русский";3;3
"Королев Николай";"м";"русский";4;5
"Королев Николай";"м";"иностранный";1;2
"Королев Николай";"м";"иностранный";2;2
"Королев Николай";"м";"иностранный";3;3
"Королев Николай";"м";"иностранный";4;3
"Королев Николай";"м";"история";1;5
"Королев Николай";"м";"история";2;5
"Королев Николай";"м";"история";3;4
"Королев Николай";"м";"история";4;5
"Королев Николай";"м";"физика";1;3
"Королев Николай";"м";"физика";2;5
"Королев Николай";"м";"физика";3;2
"Королев Николай";"м";"физика";4;3
"Спиридонов Иван";"м";"математика";1;3
"Спиридонов Иван";"м";"математика";2;5
"Спиридонов Иван";"м";"математика";3;4
"Спиридонов Иван";"м";"математика";4;5
"Спиридонов Иван";"м";"русский";1;3
"Спиридонов Иван";"м";"русский";2;5
"Спиридонов Иван";"м";"русский";3;5
"Спиридонов Иван";"м";"русский";4;2
"Спиридонов Иван";"м";"иностранный";1;2
"Спиридонов Иван";"м";"иностранный";2;3
"Спиридонов Иван";"м";"иностранный";3;3
"Спиридонов Иван";"м";"иностранный";4;2
"Спиридонов Иван";"м";"история";1;4
"Спиридонов Иван";"м";"история";2;2
"Спиридонов Иван";"м";"история";3;2
"Спиридонов Иван";"м";"история";4;5
"Спиридонов Иван";"м";"физика";1;3
"Спиридонов Иван";"м";"физика";2;3
"Спиридонов Иван";"м";"физика";3;5
"Спиридонов Иван";"м";"физика";4;4
"Архипова Елена";"ж";"математика";1;5
"Архипова Елена";"ж";"математика";2;4
"Архипова Елена";"ж";"математика";3;3
"Архипова Елена";"ж";"математика";4;3
"Архипова Елена";"ж";"русский";1;5
"Архипова Елена";"ж";"русский";2;4
"Архипова Елена";"ж";"русский";3;4
"Архипова Елена";"ж";"русский";4;3
"Архипова Елена";"ж";"иностранный";1;2
"Архипова Елена";"ж";"иностранный";2;3
"Архипова Елена";"ж";"иностранный";3;3
"Архипова Елена";"ж";"иностранный";4;2
"Архипова Елена";"ж";"история";1;3
"Архипова Елена";"ж";"история";2;5
"Архипова Елена";"ж";"история";3;4
"Архипова Елена";"ж";"история";4;5
"Архипова Елена";"ж";"физика";1;3
"Архипова Елена";"ж";"физика";2;4
"Архипова Елена";"ж";"физика";3;2
"Архипова Елена";"ж";"физика";4;4
"Самойлова Тамара";"ж";"математика";1;4
"Самойлова Тамара";"ж";"математика";2;4
"Самойлова Тамара";"ж";"математика";3;2
"Самойлова Тамара";"ж";"математика";4;5
"Самойлова Тамара";"ж";"русский";1;3
"Самойлова Тамара";"ж";"русский";2;5
"Самойлова Тамара";"ж";"русский";3;5
"Самойлова Тамара";"ж";"русский";4;2
"Самойлова Тамара";"ж";"иностранный";1;4
"Самойлова Тамара";"ж";"иностранный";2;3
"Самойлова Тамара";"ж";"иностранный";3;5
"Самойлова Тамара";"ж";"иностранный";4;5
"Самойлова Тамара";"ж";"история";1;4
"Самойлова Тамара";"ж";"история";2;4
"Самойлова Тамара";"ж";"история";3;3
"Самойлова Тамара";"ж";"история";4;4
"Самойлова Тамара";"ж";"физика";1;2
"Самойлова Тамара";"ж";"физика";2;5
"Самойлова Тамара";"ж";"физика";3;2
"Самойлова Тамара";"ж";"физика";4;4
"Уткин Павел";"м";"математика";1;5
"Уткин Павел";"м";"математика";2;4
"Уткин Павел";"м";"математика";3;2
"Уткин Павел";"м";"математика";4;2
"Уткин Павел";"м";"русский";1;4
"Уткин Павел";"м";"русский";2;4
"Уткин Павел";"м";"русский";3;5
"Уткин Павел";"м";"русский";4;5
"Уткин Павел";"м";"иностранный";1;4
"Уткин Павел";"м";"иностранный";2;5
"Уткин Павел";"м";"иностранный";3;4
"Уткин Павел";"м";"иностранный";4;3
"Уткин Павел";"м";"история";1;4
"Уткин Павел";"м";"история";2;4
"Уткин Павел";"м";"история";3;4
"Уткин Павел";"м";"история";4;5
"Уткин Павел";"м";"физика";1;5
"Уткин Павел";"м";"физика";2;5
"Уткин Павел";"м";"физика";3;5
"Уткин Павел";"м";"физика";4;5
"Плотников Антон";"м";"математика";1;4
"Плотников Антон";"м";"математика";2;3
"Плотников Антон";"м";"математика";3;4
"Плотников Антон";"м";"математика";4;5
"Плотников Антон";"м";"русский";1;3
"Плотников Антон";"м";"русский";2;4
"Плотников Антон";"м";"русский";3;5
"Плотников Антон";"м";"русский";4;4
"Плотников Антон";"м";"иностранный";1;4
"Плотников Антон";"м";"иностранный";2;4
"Плотников Антон";"м";"иностранный";3;3
"Плотников Антон";"м";"иностранный";4;4
"Плотников Антон";"м";"история";1;5
"Плотников Антон";"м";"история";2;5
"Плотников Антон";"м";"история";3;4
"Плотников Антон";"м";"история";4;4
"Плотников Антон";"м";"физика";1;3
"Плотников Антон";"м";"физика";2;2
"Плотников Антон";"м";"физика";3;2
"Плотников Антон";"м";"физика";4;4
"Краснова Оксана";"ж";"математика";1;4
"Краснова Оксана";"ж";"математика";2;5
"Краснова Оксана";"ж";"математика";3;3
"Краснова Оксана";"ж";"математика";4;4
"Краснова Оксана";"ж";"русский";1;4
"Краснова Оксана";"ж";"русский";2;3
"Краснова Оксана";"ж";"русский";3;4
"Краснова Оксана";"ж";"русский";4;5
"Краснова Оксана";"ж";"иностранный";1;3
"Краснова Оксана";"ж";"иностранный";2;5
"Краснова Оксана";"ж";"иностранный";3;2
"Краснова Оксана";"ж";"иностранный";4;3
"Краснова Оксана";"ж";"история";1;2
"Краснова Оксана";"ж";"история";2;5
"Краснова Оксана";"ж";"история";3;5
"Краснова Оксана";"ж";"история";4;3
"Краснова Оксана";"ж";"физика";1;5
"Краснова Оксана";"ж";"физика";2;5
"Краснова Оксана";"ж";"физика";3;5
"Краснова Оксана";"ж";"физика";4;4
"Назаров Альберт";"м";"математика";1;4
"Назаров Альберт";"м";"математика";2;3
"Назаров Альберт";"м";"математика";3;5
"Назаров Альберт";"м";"математика";4;3
"Назаров Альберт";"м";"русский";1;4
"Назаров Альберт";"м";"русский";2;5
"Назаров Альберт";"м";"русский";3;4
"Назаров Альберт";"м";"русский";4;3
"Назаров Альберт";"м";"иностранный";1;3
"Назаров Альберт";"м";"иностранный";2;5
"Назаров Альберт";"м";"иностранный";3;3
"Назаров Альберт";"м";"иностранный";4;3
"Назаров Альберт";"м";"история";1;4
"Назаров Альберт";"м";"история";2;4
"Назаров Альберт";"м";"история";3;4
"Назаров Альберт";"м";"история";4;2
"Назаров Альберт";"м";"физика";1;5
"Назаров Альберт";"м";"физика";2;4
"Назаров Альберт";"м";"физика";3;3
"Назаров Альберт";"м";"физика";4;4
"Бабушкина Ирина";"ж";"математика";1;3
"Бабушкина Ирина";"ж";"математика";2;4
"Бабушкина Ирина";"ж";"математика";3;3
"Бабушкина Ирина";"ж";"математика";4;4
"Бабушкина Ирина";"ж";"русский";1;4
"Бабушкина Ирина";"ж";"русский";2;3
"Бабушкина Ирина";"ж";"русский";3;5
"Бабушкина Ирина";"ж";"русский";4;5
"Бабушкина Ирина";"ж";"иностранный";1;3
"Бабушкина Ирина";"ж";"иностранный";2;3
"Бабушкина Ирина";"ж";"иностранный";3;4
"Бабушкина Ирина";"ж";"иностранный";4;4
"Бабушкина Ирина";"ж";"история";1;4
"Бабушкина Ирина";"ж";"история";2;4
"Бабушкина Ирина";"ж";"история";3;2
"Бабушкина Ирина";"ж";"история";4;3
"Бабушкина Ирина";"ж";"физика";1;4
"Бабушкина Ирина";"ж";"физика";2;3
"Бабушкина Ирина";"ж";"физика";3;3
"Бабушкина Ирина";"ж";"физика";4;4
"Быкова Анна";"ж";"математика";1;5
"Быкова Анна";"ж";"математика";2;3
"Быкова Анна";"ж";"математика";3;2
"Быкова Анна";"ж";"математика";4;3
"Быкова Анна";"ж";"русский";1;5
"Быкова Анна";"ж";"русский";2;3
"Быкова Анна";"ж";"русский";3;4
"Быкова Анна";"ж";"русский";4;5
"Быкова Анна";"ж";"иностранный";1;5
"Быкова Анна";"ж";"иностранный";2;5
"Быкова Анна";"ж";"иностранный";3;3
"Быкова Анна";"ж";"иностранный";4;4
"Быкова Анна";"ж";"история";1;4
"Быкова Анна";"ж";"история";2;5
"Быкова Анна";"ж";"история";3;2
"Быкова Анна";"ж";"история";4;5
"Быкова Анна";"ж";"физика";1;3
"Быкова Анна";"ж";"физика";2;4
"Быкова Анна";"ж";"физика";3;4
"Быкова Анна";"ж";"физика";4;4
"Карпов Евгений";"м";"математика";1;3
"Карпов Евгений";"м";"математика";2;5
"Карпов Евгений";"м";"математика";3;4
"Карпов Евгений";"м";"математика";4;4
"Карпов Евгений";"м";"русский";1;5
"Карпов Евгений";"м";"русский";2;5
"Карпов Евгений";"м";"русский";3;5
"Карпов Евгений";"м";"русский";4;5
"Карпов Евгений";"м";"иностранный";1;3
"Карпов Евгений";"м";"иностранный";2;3
"Карпов Евгений";"м";"иностранный";3;3
"Карпов Евгений";"м";"иностранный";4;4
"Карпов Евгений";"м";"история";1;5
"Карпов Евгений";"м";"история";2;2
"Карпов Евгений";"м";"история";3;3
"Карпов Евгений";"м";"история";4;5
"Карпов Евгений";"м";"физика";1;5
"Карпов Евгений";"м";"физика";2;5
"Карпов Евгений";"м";"физика";3;5
"Карпов Евгений";"м";"физика";4;2
"Белоусова Елена";"ж";"математика";1;3
"Белоусова Елена";"ж";"математика";2;4
"Белоусова Елена";"ж";"математика";3;5
"Белоусова Елена";"ж";"математика";4;5
"Белоусова Елена";"ж";"русский";1;4
"Белоусова Елена";"ж";"русский";2;4
"Белоусова Елена";"ж";"русский";3;4
"Белоусова Елена";"ж";"русский";4;5
"Белоусова Елена";"ж";"иностранный";1;5
"Белоусова Елена";"ж";"иностранный";2;5
"Белоусова Елена";"ж";"иностранный";3;5
"Белоусова Елена";"ж";"иностранный";4;3
"Белоусова Елена";"ж";"история";1;2
"Белоусова Елена";"ж";"история";2;3
"Белоусова Елена";"ж";"история";3;3
"Белоусова Елена";"ж";"история";4;2
"Белоусова Елена";"ж";"физика";1;3
"Белоусова Елена";"ж";"физика";2;3
"Белоусова Елена";"ж";"физика";3;4
"Белоусова Елена";"ж";"физика";4;4
"Гусева Екатерина";"ж";"математика";1;3
"Гусева Екатерина";"ж";"математика";2;4
"Гусева Екатерина";"ж";"математика";3;5
"Гусева Екатерина";"ж";"математика";4;4
"Гусева Екатерина";"ж";"русский";1;3
"Гусева Екатерина";"ж";"русский";2;3
"Гусева Екатерина";"ж";"русский";3;5
"Гусева Екатерина";"ж";"русский";4;4
"Гусева Екатерина";"ж";"иностранный";1;4
"Гусева Екатерина";"ж";"иностранный";2;2
"Гусева Екатерина";"ж";"иностранный";3;4
"Гусева Екатерина";"ж";"иностранный";4;4
"Гусева Екатерина";"ж";"история";1;5
"Гусева Екатерина";"ж";"история";2;4
"Гусева Екатерина";"ж";"история";3;3
"Гусева Екатерина";"ж";"история";4;5
"Гусева Екатерина";"ж";"физика";1;3
"Гусева Екатерина";"ж";"физика";2;3
"Гусева Екатерина";"ж";"физика";3;4
"Гусева Екатерина";"ж";"физика";4;5
"Лапин Владимир";"м";"математика";1;4
"Лапин Владимир";"м";"математика";2;5
"Лапин Владимир";"м";"математика";3;3
"Лапин Владимир";"м";"математика";4;3
"Лапин Владимир";"м";"русский";1;5
"Лапин Владимир";"м";"русский";2;5
"Лапин Владимир";"м";"русский";3;4
"Лапин Владимир";"м";"русский";4;4
"Лапин Владимир";"м";"иностранный";1;4
"Лапин Владимир";"м";"иностранный";2;3
"Лапин Владимир";"м";"иностранный";3;3
"Лапин Владимир";"м";"иностранный";4;4
"Лапин Владимир";"м";"история";1;3
"Лапин Владимир";"м";"история";2;3
"Лапин Владимир";"м";"история";3;5
"Лапин Владимир";"м";"история";4;2
"Лапин Владимир";"м";"физика";1;5
"Лапин Владимир";"м";"физика";2;3
"Лапин Владимир";"м";"физика";3;4
"Лапин Владимир";"м";"физика";4;3
"Ульянов Николай";"м";"математика";1;4
"Ульянов Николай";"м";"математика";2;3
"Ульянов Николай";"м";"математика";3;4
"Ульянов Николай";"м";"математика";4;3
"Ульянов Николай";"м";"русский";1;4
"Ульянов Николай";"м";"русский";2;5
"Ульянов Николай";"м";"русский";3;4
"Ульянов Николай";"м";"русский";4;2
"Ульянов Николай";"м";"иностранный";1;5
"Ульянов Николай";"м";"иностранный";2;4
"Ульянов Николай";"м";"иностранный";3;4
"Ульянов Николай";"м";"иностранный";4;3
"Ульянов Николай";"м";"история";1;5
"Ульянов Николай";"м";"история";2;4
"Ульянов Николай";"м";"история";3;5
"Ульянов Николай";"м";"история";4;3
"Ульянов Николай";"м";"физика";1;4
"Ульянов Николай";"м";"физика";2;2
"Ульянов Николай";"м";"физика";3;4
"Ульянов Николай";"м";"физика";4;4
"Юдин Леонид";"м";"математика";1;4
"Юдин Леонид";"м";"математика";2;3
"Юдин Леонид";"м";"математика";3;3
"Юдин Леонид";"м";"математика";4;4
"Юдин Леонид";"м";"русский";1;2
"Юдин Леонид";"м";"русский";2;5
"Юдин Леонид";"м";"русский";3;5
"Юдин Леонид";"м";"русский";4;5
"Юдин Леонид";"м";"иностранный";1;3
"Юдин Леонид";"м";"иностранный";2;2
"Юдин Леонид";"м";"иностранный";3;4
"Юдин Леонид";"м";"иностранный";4;3
"Юдин Леонид";"м";"история";1;5
"Юдин Леонид";"м";"история";2;4
"Юдин Леонид";"м";"история";3;4
"Юдин Леонид";"м";"история";4;5
"Юдин Леонид";"м";"физика";1;3
"Юдин Леонид";"м";"физика";2;4
"Юдин Леонид";"м";"физика";3;4
"Юдин Леонид";"м";"физика";4;4
"Чижов Максим";"м";"математика";1;3
"Чижов Максим";"м";"математика";2;5
"Чижов Максим";"м";"математика";3;4
"Чижов Максим";"м";"математика";4;3
"Чижов Максим";"м";"русский";1;4
"Чижов Максим";"м";"русский";2;5
"Чижов Максим";"м";"русский";3;5
"Чижов Максим";"м";"русский";4;3
"Чижов Максим";"м";"иностранный";1;4
"Чижов Максим";"м";"иностранный";2;4
"Чижов Максим";"м";"иностранный";3;4
"Чижов Максим";"м";"иностранный";4;5
"Чижов Максим";"м";"история";1;3
"Чижов Максим";"м";"история";2;5
"Чижов Максим";"м";"история";3;3
"Чижов Максим";"м";"история";4;4
"Чижов Максим";"м";"физика";1;5
"Чижов Максим";"м";"физика";2;4
"Чижов Максим";"м";"физика";3;3
"Чижов Максим";"м";"физика";4;4
"Носкова Анна";"ж";"математика";1;2
"Носкова Анна";"ж";"математика";2;5
"Носкова Анна";"ж";"математика";3;3
"Носкова Анна";"ж";"математика";4;3
"Носкова Анна";"ж";"русский";1;5
"Носкова Анна";"ж";"русский";2;4
"Носкова Анна";"ж";"русский";3;5
"Носкова Анна";"ж";"русский";4;4
"Носкова Анна";"ж";"иностранный";1;5
"Носкова Анна";"ж";"иностранный";2;3
"Носкова Анна";"ж";"иностранный";3;5
"Носкова Анна";"ж";"иностранный";4;4
"Носкова Анна";"ж";"история";1;4
"Носкова Анна";"ж";"история";2;5
"Носкова Анна";"ж";"история";3;2
"Носкова Анна";"ж";"история";4;4
"Носкова Анна";"ж";"физика";1;3
"Носкова Анна";"ж";"физика";2;5
"Носкова Анна";"ж";"физика";3;5
"Носкова Анна";"ж";"физика";4;3
"Усов Валентин";"м";"математика";1;4
"Усов Валентин";"м";"математика";2;5
"Усов Валентин";"м";"математика";3;3
"Усов Валентин";"м";"математика";4;4
"Усов Валентин";"м";"русский";1;4
"Усов Валентин";"м";"русский";2;4
"Усов Валентин";"м";"русский";3;4
"Усов Валентин";"м";"русский";4;5
"Усов Валентин";"м";"иностранный";1;3
"Усов Валентин";"м";"иностранный";2;4
"Усов Валентин";"м";"иностранный";3;4
"Усов Валентин";"м";"иностранный";4;4
"Усов Валентин";"м";"история";1;5
"Усов Валентин";"м";"история";2;3
"Усов Валентин";"м";"история";3;5
"Усов Валентин";"м";"история";4;3
"Усов Валентин";"м";"физика";1;5
"Усов Валентин";"м";"физика";2;3
"Усов Валентин";"м";"физика";3;4
"Усов Валентин";"м";"физика";4;3
"Савицкая Надежда";"ж";"математика";1;4
"Савицкая Надежда";"ж";"математика";2;4
"Савицкая Надежда";"ж";"математика";3;2
"Савицкая Надежда";"ж";"математика";4;3
"Савицкая Надежда";"ж";"русский";1;3
"Савицкая Надежда";"ж";"русский";2;4
"Савицкая Надежда";"ж";"русский";3;5
"Савицкая Надежда";"ж";"русский";4;5
"Савицкая Надежда";"ж";"иностранный";1;5
"Савицкая Надежда";"ж";"иностранный";2;3
"Савицкая Надежда";"ж";"иностранный";3;4
"Савицкая Надежда";"ж";"иностранный";4;3
"Савицкая Надежда";"ж";"история";1;5
"Савицкая Надежда";"ж";"история";2;3
"Савицкая Надежда";"ж";"история";3;5
"Савицкая Надежда";"ж";"история";4;4
"Савицкая Надежда";"ж";"физика";1;5
"Савицкая Надежда";"ж";"физика";2;3
"Савицкая Надежда";"ж";"физика";3;2
"Савицкая Надежда";"ж";"физика";4;3
"Севастьянова Ирина";"ж";"математика";1;4
"Севастьянова Ирина";"ж";"математика";2;5
"Севастьянова Ирина";"ж";"математика";3;4
"Севастьянова Ирина";"ж";"математика";4;2
"Севастьянова Ирина";"ж";"русский";1;5
"Севастьянова Ирина";"ж";"русский";2;5
"Севастьянова Ирина";"ж";"русский";3;4
"Севастьянова Ирина";"ж";"русский";4;4
"Севастьянова Ирина";"ж";"иностранный";1;2
"Севастьянова Ирина";"ж";"иностранный";2;5
"Севастьянова Ирина";"ж";"иностранный";3;2
"Севастьянова Ирина";"ж";"иностранный";4;3
"Севастьянова Ирина";"ж";"история";1;5
"Севастьянова Ирина";"ж";"история";2;4
"Севастьянова Ирина";"ж";"история";3;4
"Севастьянова Ирина";"ж";"история";4;4
"Севастьянова Ирина";"ж";"физика";1;4
"Севастьянова Ирина";"ж";"физика";2;5
"Севастьянова Ирина";"ж";"физика";3;3
"Севастьянова Ирина";"ж";"физика";4;3
"Лаврентьева Евгения";"ж";"математика";1;5
"Лаврентьева Евгения";"ж";"математика";2;3
"Лаврентьева Евгения";"ж";"математика";3;5
"Лаврентьева Евгения";"ж";"математика";4;4
"Лаврентьева Евгения";"ж";"русский";1;4
"Лаврентьева Евгения";"ж";"русский";2;5
"Лаврентьева Евгения";"ж";"русский";3;5
"Лаврентьева Евгения";"ж";"русский";4;4
"Лаврентьева Евгения";"ж";"иностранный";1;4
"Лаврентьева Евгения";"ж";"иностранный";2;3
"Лаврентьева Евгения";"ж";"иностранный";3;5
"Лаврентьева Евгения";"ж";"иностранный";4;5
"Лаврентьева Евгения";"ж";"история";1;3
"Лаврентьева Евгения";"ж";"история";2;4
"Лаврентьева Евгения";"ж";"история";3;4
"Лаврентьева Евгения";"ж";"история";4;5
"Лаврентьева Евгения";"ж";"физика";1;4
"Лаврентьева Евгения";"ж";"физика";2;3
"Лаврентьева Евгения";"ж";"физика";3;3
"Лаврентьева Евгения";"ж";"физика";4;5
"Алешина Наталья";"ж";"математика";1;5
"Алешина Наталья";"ж";"математика";2;5
"Алешина Наталья";"ж";"математика";3;3
"Алешина Наталья";"ж";"математика";4;3
"Алешина Наталья";"ж";"русский";1;4
"Алешина Наталья";"ж";"русский";2;3
"Алешина Наталья";"ж";"русский";3;3
"Алешина Наталья";"ж";"русский";4;5
"Алешина Наталья";"ж";"иностранный";1;2
"Алешина Наталья";"ж";"иностранный";2;4
"Алешина Наталья";"ж";"иностранный";3;3
"Алешина Наталья";"ж";"иностранный";4;3
"Алешина Наталья";"ж";"история";1;2
"Алешина Наталья";"ж";"история";2;2
"Алешина Наталья";"ж";"история";3;5
"Алешина Наталья";"ж";"история";4;3
"Алешина Наталья";"ж";"физика";1;5
"Алешина Наталья";"ж";"физика";2;3
"Алешина Наталья";"ж";"физика";3;5
"Алешина Наталья";"ж";"физика";4;5
"Ермилов Денис";"м";"математика";1;5
"Ермилов Денис";"м";"математика";2;5
"Ермилов Денис";"м";"математика";3;2
"Ермилов Денис";"м";"математика";4;5
"Ермилов Денис";"м";"русский";1;4
"Ермилов Денис";"м";"русский";2;4
"Ермилов Денис";"м";"русский";3;3
"Ермилов Денис";"м";"русский";4;3
"Ермилов Денис";"м";"иностранный";1;5
"Ермилов Денис";"м";"иностранный";2;4
"Ермилов Денис";"м";"иностранный";3;3
"Ермилов Денис";"м";"иностранный";4;3
"Ермилов Денис";"м";"история";1;2
"Ермилов Денис";"м";"история";2;3
"Ермилов Денис";"м";"история";3;3
"Ермилов Денис";"м";"история";4;3
"Ермилов Денис";"м";"физика";1;3
"Ермилов Денис";"м";"физика";2;4
"Ермилов Денис";"м";"физика";3;5
"Ермилов Денис";"м";"физика";4;5
"Басов Николай";"м";"математика";1;5
"Басов Николай";"м";"математика";2;4
"Басов Николай";"м";"математика";3;4
"Басов Николай";"м";"математика";4;4
"Басов Николай";"м";"русский";1;4
"Басов Николай";"м";"русский";2;5
"Басов Николай";"м";"русский";3;3
"Басов Николай";"м";"русский";4;2
"Басов Николай";"м";"иностранный";1;4
"Басов Николай";"м";"иностранный";2;5
"Басов Николай";"м";"иностранный";3;4
"Басов Николай";"м";"иностранный";4;2
"Басов Николай";"м";"история";1;4
"Басов Николай";"м";"история";2;5
"Басов Николай";"м";"история";3;5
"Басов Николай";"м";"история";4;3
"Басов Николай";"м";"физика";1;3
"Басов Николай";"м";"физика";2;2
"Басов Николай";"м";"физика";3;2
"Басов Николай";"м";"физика";4;3
"Шульгина Александра";"ж";"математика";1;4
"Шульгина Александра";"ж";"математика";2;3
"Шульгина Александра";"ж";"математика";3;3
"Шульгина Александра";"ж";"математика";4;5
"Шульгина Александра";"ж";"русский";1;4
"Шульгина Александра";"ж";"русский";2;4
"Шульгина Александра";"ж";"русский";3;3
"Шульгина Александра";"ж";"русский";4;3
"Шульгина Александра";"ж";"иностранный";1;5
"Шульгина Александра";"ж";"иностранный";2;5
"Шульгина Александра";"ж";"иностранный";3;4
"Шульгина Александра";"ж";"иностранный";4;5
"Шульгина Александра";"ж";"история";1;2
"Шульгина Александра";"ж";"история";2;5
"Шульгина Александра";"ж";"история";3;3
"Шульгина Александра";"ж";"история";4;3
"Шульгина Александра";"ж";"физика";1;5
"Шульгина Александра";"ж";"физика";2;3
"Шульгина Александра";"ж";"физика";3;2
"Шульгина Александра";"ж";"физика";4;3
"Нефедов Игорь";"м";"математика";1;4
"Нефедов Игорь";"м";"математика";2;5
"Нефедов Игорь";"м";"математика";3;4
"Нефедов Игорь";"м";"математика";4;4
"Нефедов Игорь";"м";"русский";1;5
"Нефедов Игорь";"м";"русский";2;3
"Нефедов Игорь";"м";"русский";3;4
"Нефедов Игорь";"м";"русский";4;4
"Нефедов Игорь";"м";"иностранный";1;3
"Нефедов Игорь";"м";"иностранный";2;4
"Нефедов Игорь";"м";"иностранный";3;3
"Нефедов Игорь";"м";"иностранный";4;4
"Нефедов Игорь";"м";"история";1;4
"Нефедов Игорь";"м";"история";2;3
"Нефедов Игорь";"м";"история";3;4
"Нефедов Игорь";"м";"история";4;5
"Нефедов Игорь";"м";"физика";1;3
"Нефедов Игорь";"м";"физика";2;2
"Нефедов Игорь";"м";"физика";3;2
"Нефедов Игорь";"м";"физика";4;4
"Озеров Андрей";"м";"математика";1;4
"Озеров Андрей";"м";"математика";2;3
"Озеров Андрей";"м";"математика";3;4
"Озеров Андрей";"м";"математика";4;5
"Озеров Андрей";"м";"русский";1;3
"Озеров Андрей";"м";"русский";2;3
"Озеров Андрей";"м";"русский";3;4
"Озеров Андрей";"м";"русский";4;3
"Озеров Андрей";"м";"иностранный";1;5
"Озеров Андрей";"м";"иностранный";2;2
"Озеров Андрей";"м";"иностранный";3;4
"Озеров Андрей";"м";"иностранный";4;5
"Озеров Андрей";"м";"история";1;4
"Озеров Андрей";"м";"история";2;3
"Озеров Андрей";"м";"история";3;4
"Озеров Андрей";"м";"история";4;3
"Озеров Андрей";"м";"физика";1;4
"Озеров Андрей";"м";"физика";2;3
"Озеров Андрей";"м";"физика";3;3
"Озеров Андрей";"м";"физика";4;4
"Черепанова Нина";"ж";"математика";1;2
"Черепанова Нина";"ж";"математика";2;3
"Черепанова Нина";"ж";"математика";3;2
"Черепанова Нина";"ж";"математика";4;4
"Черепанова Нина";"ж";"русский";1;3
"Черепанова Нина";"ж";"русский";2;4
"Черепанова Нина";"ж";"русский";3;3
"Черепанова Нина";"ж";"русский";4;4
"Черепанова Нина";"ж";"иностранный";1;4
"Черепанова Нина";"ж";"иностранный";2;5
"Черепанова Нина";"ж";"иностранный";3;3
"Черепанова Нина";"ж";"иностранный";4;4
"Черепанова Нина";"ж";"история";1;4
"Черепанова Нина";"ж";"история";2;4
"Черепанова Нина";"ж";"история";3;3
"Черепанова Нина";"ж";"история";4;4
"Черепанова Нина";"ж";"физика";1;3
"Черепанова Нина";"ж";"физика";2;4
"Черепанова Нина";"ж";"физика";3;4
"Черепанова Нина";"ж";"физика";4;5
"Некрасова Людмила";"ж";"математика";1;5
"Некрасова Людмила";"ж";"математика";2;3
"Некрасова Людмила";"ж";"математика";3;4
"Некрасова Людмила";"ж";"математика";4;5
"Некрасова Людмила";"ж";"русский";1;4
"Некрасова Людмила";"ж";"русский";2;4
"Некрасова Людмила";"ж";"русский";3;3
"Некрасова Людмила";"ж";"русский";4;3
"Некрасова Людмила";"ж";"иностранный";1;2
"Некрасова Людмила";"ж";"иностранный";2;5
"Некрасова Людмила";"ж";"иностранный";3;5
"Некрасова Людмила";"ж";"иностранный";4;5
"Некрасова Людмила";"ж";"история";1;4
"Некрасова Людмила";"ж";"история";2;4
"Некрасова Людмила";"ж";"история";3;5
"Некрасова Людмила";"ж";"история";4;5
"Некрасова Людмила";"ж";"физика";1;4
"Некрасова Людмила";"ж";"физика";2;3
"Некрасова Людмила";"ж";"физика";3;3
"Некрасова Людмила";"ж";"физика";4;4
"Кочетков Сергей";"м";"математика";1;3
"Кочетков Сергей";"м";"математика";2;3
"Кочетков Сергей";"м";"математика";3;5
"Кочетков Сергей";"м";"математика";4;4
"Кочетков Сергей";"м";"русский";1;4
"Кочетков Сергей";"м";"русский";2;2
"Кочетков Сергей";"м";"русский";3;2
"Кочетков Сергей";"м";"русский";4;3
"Кочетков Сергей";"м";"иностранный";1;3
"Кочетков Сергей";"м";"иностранный";2;4
"Кочетков Сергей";"м";"иностранный";3;5
"Кочетков Сергей";"м";"иностранный";4;5
"Кочетков Сергей";"м";"история";1;4
"Кочетков Сергей";"м";"история";2;5
"Кочетков Сергей";"м";"история";3;4
"Кочетков Сергей";"м";"история";4;2
"Кочетков Сергей";"м";"физика";1;3
"Кочетков Сергей";"м";"физика";2;5
"Кочетков Сергей";"м";"физика";3;5
"Кочетков Сергей";"м";"физика";4;5
"Коршунова Ирина";"ж";"математика";1;4
"Коршунова Ирина";"ж";"математика";2;3
"Коршунова Ирина";"ж";"математика";3;3
"Коршунова Ирина";"ж";"математика";4;5
"Коршунова Ирина";"ж";"русский";1;3
"Коршунова Ирина";"ж";"русский";2;4
"Коршунова Ирина";"ж";"русский";3;5
"Коршунова Ирина";"ж";"русский";4;4
"Коршунова Ирина";"ж";"иностранный";1;3
"Коршунова Ирина";"ж";"иностранный";2;5
"Коршунова Ирина";"ж";"иностранный";3;4
"Коршунова Ирина";"ж";"иностранный";4;4
"Коршунова Ирина";"ж";"история";1;4
"Коршунова Ирина";"ж";"история";2;5
"Коршунова Ирина";"ж";"история";3;3
"Коршунова Ирина";"ж";"история";4;4
"Коршунова Ирина";"ж";"физика";1;3
"Коршунова Ирина";"ж";"физика";2;5
"Коршунова Ирина";"ж";"физика";3;4
"Коршунова Ирина";"ж";"физика";4;2
"Тарасова Ольга";"ж";"математика";1;3
"Тарасова Ольга";"ж";"математика";2;5
"Тарасова Ольга";"ж";"математика";3;5
"Тарасова Ольга";"ж";"математика";4;4
"Тарасова Ольга";"ж";"русский";1;3
"Тарасова Ольга";"ж";"русский";2;4
"Тарасова Ольга";"ж";"русский";3;5
"Тарасова Ольга";"ж";"русский";4;3
"Тарасова Ольга";"ж";"иностранный";1;3
"Тарасова Ольга";"ж";"иностранный";2;5
"Тарасова Ольга";"ж";"иностранный";3;4
"Тарасова Ольга";"ж";"иностранный";4;5
"Тарасова Ольга";"ж";"история";1;5
"Тарасова Ольга";"ж";"история";2;4
"Тарасова Ольга";"ж";"история";3;4
"Тарасова Ольга";"ж";"история";4;5
"Тарасова Ольга";"ж";"физика";1;5
"Тарасова Ольга";"ж";"физика";2;4
"Тарасова Ольга";"ж";"физика";3;4
"Тарасова Ольга";"ж";"физика";4;2
"Емельянова Мария";"ж";"математика";1;3
"Емельянова Мария";"ж";"математика";2;3
"Емельянова Мария";"ж";"математика";3;3
"Емельянова Мария";"ж";"математика";4;4
"Емельянова Мария";"ж";"русский";1;4
"Емельянова Мария";"ж";"русский";2;4
"Емельянова Мария";"ж";"русский";3;3
"Емельянова Мария";"ж";"русский";4;4
"Емельянова Мария";"ж";"иностранный";1;3
"Емельянова Мария";"ж";"иностранный";2;5
"Емельянова Мария";"ж";"иностранный";3;3
"Емельянова Мария";"ж";"иностранный";4;4
"Емельянова Мария";"ж";"история";1;3
"Емельянова Мария";"ж";"история";2;5
"Емельянова Мария";"ж";"история";3;4
"Емельянова Мария";"ж";"история";4;2
"Емельянова Мария";"ж";"физика";1;5
"Емельянова Мария";"ж";"физика";2;5
"Емельянова Мария";"ж";"физика";3;4
"Емельянова Мария";"ж";"физика";4;3
"Селиванов Вячеслав";"м";"математика";1;2
"Селиванов Вячеслав";"м";"математика";2;3
"Селиванов Вячеслав";"м";"математика";3;2
"Селиванов Вячеслав";"м";"математика";4;2
"Селиванов Вячеслав";"м";"русский";1;2
"Селиванов Вячеслав";"м";"русский";2;2
"Селиванов Вячеслав";"м";"русский";3;3
"Селиванов Вячеслав";"м";"русский";4;2
"Селиванов Вячеслав";"м";"иностранный";1;2
"Селиванов Вячеслав";"м";"иностранный";2;2
"Селиванов Вячеслав";"м";"иностранный";3;2
"Селиванов Вячеслав";"м";"иностранный";4;2
"Селиванов Вячеслав";"м";"история";1;3
"Селиванов Вячеслав";"м";"история";2;2
"Селиванов Вячеслав";"м";"история";3;2
"Селиванов Вячеслав";"м";"история";4;2
"Селиванов Вячеслав";"м";"физика";1;2
"Селиванов Вячеслав";"м";"физика";2;2
"Селиванов Вячеслав";"м";"физика";3;2
"Селиванов Вячеслав";"м";"физика";4;2
"Моисеева Наталия";"ж";"математика";1;2
"Моисеева Наталия";"ж";"математика";2;2
"Моисеева Наталия";"ж";"математика";3;5
"Моисеева Наталия";"ж";"математика";4;4
"Моисеева Наталия";"ж";"русский";1;5
"Моисеева Наталия";"ж";"русский";2;4
"Моисеева Наталия";"ж";"русский";3;5
"Моисеева Наталия";"ж";"русский";4;4
"Моисеева Наталия";"ж";"иностранный";1;3
"Моисеева Наталия";"ж";"иностранный";2;4
"Моисеева Наталия";"ж";"иностранный";3;4
"Моисеева Наталия";"ж";"иностранный";4;2
"Моисеева Наталия";"ж";"история";1;4
"Моисеева Наталия";"ж";"история";2;3
"Моисеева Наталия";"ж";"история";3;3
"Моисеева Наталия";"ж";"история";4;5
"Моисеева Наталия";"ж";"физика";1;5
"Моисеева Наталия";"ж";"физика";2;3
"Моисеева Наталия";"ж";"физика";3;2
"Моисеева Наталия";"ж";"физика";4;3
"Лосев Вячеслав";"м";"математика";1;4
"Лосев Вячеслав";"м";"математика";2;5
"Лосев Вячеслав";"м";"математика";3;3
"Лосев Вячеслав";"м";"математика";4;4
"Лосев Вячеслав";"м";"русский";1;4
"Лосев Вячеслав";"м";"русский";2;5
"Лосев Вячеслав";"м";"русский";3;5
"Лосев Вячеслав";"м";"русский";4;3
"Лосев Вячеслав";"м";"иностранный";1;4
"Лосев Вячеслав";"м";"иностранный";2;5
"Лосев Вячеслав";"м";"иностранный";3;5
"Лосев Вячеслав";"м";"иностранный";4;3
"Лосев Вячеслав";"м";"история";1;5
"Лосев Вячеслав";"м";"история";2;4
"Лосев Вячеслав";"м";"история";3;4
"Лосев Вячеслав";"м";"история";4;4
"Лосев Вячеслав";"м";"физика";1;3
"Лосев Вячеслав";"м";"физика";2;5
"Лосев Вячеслав";"м";"физика";3;4
"Лосев Вячеслав";"м";"физика";4;5
"Белоусов Альберт";"м";"математика";1;4
"Белоусов Альберт";"м";"математика";2;5
"Белоусов Альберт";"м";"математика";3;3
"Белоусов Альберт";"м";"математика";4;4
"Белоусов Альберт";"м";"русский";1;2
"Белоусов Альберт";"м";"русский";2;2
"Белоусов Альберт";"м";"русский";3;2
"Белоусов Альберт";"м";"русский";4;2
"Белоусов Альберт";"м";"иностранный";1;3
"Белоусов Альберт";"м";"иностранный";2;2
"Белоусов Альберт";"м";"иностранный";3;2
"Белоусов Альберт";"м";"иностранный";4;4
"Белоусов Альберт";"м";"история";1;4
"Белоусов Альберт";"м";"история";2;5
"Белоусов Альберт";"м";"история";3;2
"Белоусов Альберт";"м";"история";4;5
"Белоусов Альберт";"м";"физика";1;2
"Белоусов Альберт";"м";"физика";2;4
"Белоусов Альберт";"м";"физика";3;2
"Белоусов Альберт";"м";"физика";4;4
"Панкова Ирина";"ж";"математика";1;3
"Панкова Ирина";"ж";"математика";2;3
"Панкова Ирина";"ж";"математика";3;4
"Панкова Ирина";"ж";"математика";4;3
"Панкова Ирина";"ж";"русский";1;4
"Панкова Ирина";"ж";"русский";2;3
"Панкова Ирина";"ж";"русский";3;3
"Панкова Ирина";"ж";"русский";4;5
"Панкова Ирина";"ж";"иностранный";1;4
"Панкова Ирина";"ж";"иностранный";2;3
"Панкова Ирина";"ж";"иностранный";3;2
"Панкова Ирина";"ж";"иностранный";4;4
"Панкова Ирина";"ж";"история";1;5
"Панкова Ирина";"ж";"история";2;5
"Панкова Ирина";"ж";"история";3;5
"Панкова Ирина";"ж";"история";4;3
"Панкова Ирина";"ж";"физика";1;3
"Панкова Ирина";"ж";"физика";2;3
"Панкова Ирина";"ж";"физика";3;4
"Панкова Ирина";"ж";"физика";4;4
"Беспалов Максим";"м";"математика";1;4
"Беспалов Максим";"м";"математика";2;2
"Беспалов Максим";"м";"математика";3;5
"Беспалов Максим";"м";"математика";4;5
"Беспалов Максим";"м";"русский";1;3
"Беспалов Максим";"м";"русский";2;4
"Беспалов Максим";"м";"русский";3;2
"Беспалов Максим";"м";"русский";4;3
"Беспалов Максим";"м";"иностранный";1;4
"Беспалов Максим";"м";"иностранный";2;3
"Беспалов Максим";"м";"иностранный";3;3
"Беспалов Максим";"м";"иностранный";4;5
"Беспалов Максим";"м";"история";1;4
"Беспалов Максим";"м";"история";2;5
"Беспалов Максим";"м";"история";3;5
"Беспалов Максим";"м";"история";4;3
"Беспалов Максим";"м";"физика";1;2
"Беспалов Максим";"м";"физика";2;4
"Беспалов Максим";"м";"физика";3;2
"Беспалов Максим";"м";"физика";4;2
"Косарев Сергей";"м";"математика";1;5
"Косарев Сергей";"м";"математика";2;3
"Косарев Сергей";"м";"математика";3;3
"Косарев Сергей";"м";"математика";4;5
"Косарев Сергей";"м";"русский";1;5
"Косарев Сергей";"м";"русский";2;4
"Косарев Сергей";"м";"русский";3;3
"Косарев Сергей";"м";"русский";4;2
"Косарев Сергей";"м";"иностранный";1;2
"Косарев Сергей";"м";"иностранный";2;3
"Косарев Сергей";"м";"иностранный";3;3
"Косарев Сергей";"м";"иностранный";4;5
"Косарев Сергей";"м";"история";1;5
"Косарев Сергей";"м";"история";2;3
"Косарев Сергей";"м";"история";3;4
"Косарев Сергей";"м";"история";4;4
"Косарев Сергей";"м";"физика";1;4
"Косарев Сергей";"м";"физика";2;4
"Косарев Сергей";"м";"физика";3;4
"Косарев Сергей";"м";"физика";4;4
"Вдовин Константин";"м";"математика";1;3
"Вдовин Константин";"м";"математика";2;4
"Вдовин Константин";"м";"математика";3;4
"Вдовин Константин";"м";"математика";4;4
"Вдовин Константин";"м";"русский";1;4
"Вдовин Константин";"м";"русский";2;5
"Вдовин Константин";"м";"русский";3;5
"Вдовин Константин";"м";"русский";4;2
"Вдовин Константин";"м";"иностранный";1;2
"Вдовин Константин";"м";"иностранный";2;2
"Вдовин Константин";"м";"иностранный";3;4
"Вдовин Константин";"м";"иностранный";4;3
"Вдовин Константин";"м";"история";1;4
"Вдовин Константин";"м";"история";2;4
"Вдовин Константин";"м";"история";3;5
"Вдовин Константин";"м";"история";4;5
"Вдовин Константин";"м";"физика";1;2
"Вдовин Константин";"м";"физика";2;5
"Вдовин Константин";"м";"физика";3;2
"Вдовин Константин";"м";"физика";4;5
"Хомякова Евгения";"ж";"математика";1;4
"Хомякова Евгения";"ж";"математика";2;3
"Хомякова Евгения";"ж";"математика";3;3
"Хомякова Евгения";"ж";"математика";4;3
"Хомякова Евгения";"ж";"русский";1;4
"Хомякова Евгения";"ж";"русский";2;4
"Хомякова Евгения";"ж";"русский";3;2
"Хомякова Евгения";"ж";"русский";4;4
"Хомякова Евгения";"ж";"иностранный";1;4
"Хомякова Евгения";"ж";"иностранный";2;3
"Хомякова Евгения";"ж";"иностранный";3;5
"Хомякова Евгения";"ж";"иностранный";4;4
"Хомякова Евгения";"ж";"история";1;4
"Хомякова Евгения";"ж";"история";2;3
"Хомякова Евгения";"ж";"история";3;4
"Хомякова Евгения";"ж";"история";4;5
"Хомякова Евгения";"ж";"физика";1;4
"Хомякова Евгения";"ж";"физика";2;3
"Хомякова Евгения";"ж";"физика";3;2
"Хомякова Евгения";"ж";"физика";4;4
"Грибов Андрей";"м";"математика";1;3
"Грибов Андрей";"м";"математика";2;5
"Грибов Андрей";"м";"математика";3;5
"Грибов Андрей";"м";"математика";4;5
"Грибов Андрей";"м";"русский";1;5
"Грибов Андрей";"м";"русский";2;5
"Грибов Андрей";"м";"русский";3;5
"Грибов Андрей";"м";"русский";4;5
"Грибов Андрей";"м";"иностранный";1;2
"Грибов Андрей";"м";"иностранный";2;4
"Грибов Андрей";"м";"иностранный";3;3
"Грибов Андрей";"м";"иностранный";4;5
"Грибов Андрей";"м";"история";1;4
"Грибов Андрей";"м";"история";2;4
"Грибов Андрей";"м";"история";3;5
"Грибов Андрей";"м";"история";4;3
"Грибов Андрей";"м";"физика";1;5
"Грибов Андрей";"м";"физика";2;5
"Грибов Андрей";"м";"физика";3;5
"Грибов Андрей";"м";"физика";4;3
"Кондратьев Дмитрий";"м";"математика";1;4
"Кондратьев Дмитрий";"м";"математика";2;5
"Кондратьев Дмитрий";"м";"математика";3;4
"Кондратьев Дмитрий";"м";"математика";4;3
"Кондратьев Дмитрий";"м";"русский";1;3
"Кондратьев Дмитрий";"м";"русский";2;2
"Кондратьев Дмитрий";"м";"русский";3;3
"Кондратьев Дмитрий";"м";"русский";4;3
"Кондратьев Дмитрий";"м";"иностранный";1;5
"Кондратьев Дмитрий";"м";"иностранный";2;5
"Кондратьев Дмитрий";"м";"иностранный";3;4
"Кондратьев Дмитрий";"м";"иностранный";4;5
"Кондратьев Дмитрий";"м";"история";1;2
"Кондратьев Дмитрий";"м";"история";2;3
"Кондратьев Дмитрий";"м";"история";3;5
"Кондратьев Дмитрий";"м";"история";4;4
"Кондратьев Дмитрий";"м";"физика";1;4
"Кондратьев Дмитрий";"м";"физика";2;5
"Кондратьев Дмитрий";"м";"физика";3;3
"Кондратьев Дмитрий";"м";"физика";4;5
"Сизова Светлана";"ж";"математика";1;2
"Сизова Светлана";"ж";"математика";2;2
"Сизова Светлана";"ж";"математика";3;3
"Сизова Светлана";"ж";"математика";4;2
"Сизова Светлана";"ж";"русский";1;4
"Сизова Светлана";"ж";"русский";2;3
"Сизова Светлана";"ж";"русский";3;5
"Сизова Светлана";"ж";"русский";4;5
"Сизова Светлана";"ж";"иностранный";1;3
"Сизова Светлана";"ж";"иностранный";2;4
"Сизова Светлана";"ж";"иностранный";3;5
"Сизова Светлана";"ж";"иностранный";4;5
"Сизова Светлана";"ж";"история";1;5
"Сизова Светлана";"ж";"история";2;3
"Сизова Светлана";"ж";"история";3;3
"Сизова Светлана";"ж";"история";4;2
"Сизова Светлана";"ж";"физика";1;2
"Сизова Светлана";"ж";"физика";2;5
"Сизова Светлана";"ж";"физика";3;4
"Сизова Светлана";"ж";"физика";4;3
"Демидов Сергей";"м";"математика";1;3
"Демидов Сергей";"м";"математика";2;2
"Демидов Сергей";"м";"математика";3;2
"Демидов Сергей";"м";"математика";4;2
"Демидов Сергей";"м";"русский";1;4
"Демидов Сергей";"м";"русский";2;4
"Демидов Сергей";"м";"русский";3;2
"Демидов Сергей";"м";"русский";4;4
"Демидов Сергей";"м";"иностранный";1;4
"Демидов Сергей";"м";"иностранный";2;3
"Демидов Сергей";"м";"иностранный";3;3
"Демидов Сергей";"м";"иностранный";4;3
"Демидов Сергей";"м";"история";1;3
"Демидов Сергей";"м";"история";2;4
"Демидов Сергей";"м";"история";3;3
"Демидов Сергей";"м";"история";4;3
"Демидов Сергей";"м";"физика";1;2
"Демидов Сергей";"м";"физика";2;4
"Демидов Сергей";"м";"физика";3;4
"Демидов Сергей";"м";"физика";4;3
"Агеева Виктория";"ж";"математика";1;3
"Агеева Виктория";"ж";"математика";2;5
"Агеева Виктория";"ж";"математика";3;3
"Агеева Виктория";"ж";"математика";4;5
"Агеева Виктория";"ж";"русский";1;3
"Агеева Виктория";"ж";"русский";2;4
"Агеева Виктория";"ж";"русский";3;5
"Агеева Виктория";"ж";"русский";4;2
"Агеева Виктория";"ж";"иностранный";1;5
"Агеева Виктория";"ж";"иностранный";2;3
"Агеева Виктория";"ж";"иностранный";3;4
"Агеева Виктория";"ж";"иностранный";4;3
"Агеева Виктория";"ж";"история";1;4
"Агеева Виктория";"ж";"история";2;2
"Агеева Виктория";"ж";"история";3;3
"Агеева Виктория";"ж";"история";4;5
"Агеева Виктория";"ж";"физика";1;4
"Агеева Виктория";"ж";"физика";2;5
"Агеева Виктория";"ж";"физика";3;3
"Агеева Виктория";"ж";"физика";4;5
"Исаков Тимур";"м";"математика";1;4
"Исаков Тимур";"м";"математика";2;4
"Исаков Тимур";"м";"математика";3;2
"Исаков Тимур";"м";"математика";4;3
"Исаков Тимур";"м";"русский";1;3
"Исаков Тимур";"м";"русский";2;4
"Исаков Тимур";"м";"русский";3;4
"Исаков Тимур";"м";"русский";4;2
"Исаков Тимур";"м";"иностранный";1;3
"Исаков Тимур";"м";"иностранный";2;4
"Исаков Тимур";"м";"иностранный";3;3
"Исаков Тимур";"м";"иностранный";4;4
"Исаков Тимур";"м";"история";1;3
"Исаков Тимур";"м";"история";2;2
"Исаков Тимур";"м";"история";3;2
"Исаков Тимур";"м";"история";4;2
"Исаков Тимур";"м";"физика";1;2
"Исаков Тимур";"м";"физика";2;2
"Исаков Тимур";"м";"физика";3;2
"Исаков Тимур";"м";"физика";4;3
"Пименов Дмитрий";"м";"математика";1;4
"Пименов Дмитрий";"м";"математика";2;5
"Пименов Дмитрий";"м";"математика";3;3
"Пименов Дмитрий";"м";"математика";4;3
"Пименов Дмитрий";"м";"русский";1;5
"Пименов Дмитрий";"м";"русский";2;5
"Пименов Дмитрий";"м";"русский";3;4
"Пименов Дмитрий";"м";"русский";4;5
"Пименов Дмитрий";"м";"иностранный";1;5
"Пименов Дмитрий";"м";"иностранный";2;3
"Пименов Дмитрий";"м";"иностранный";3;5
"Пименов Дмитрий";"м";"иностранный";4;4
"Пименов Дмитрий";"м";"история";1;3
"Пименов Дмитрий";"м";"история";2;4
"Пименов Дмитрий";"м";"история";3;3
"Пименов Дмитрий";"м";"история";4;3
"Пименов Дмитрий";"м";"физика";1;3
"Пименов Дмитрий";"м";"физика";2;5
"Пименов Дмитрий";"м";"физика";3;4
"Пименов Дмитрий";"м";"физика";4;5
"Голиков Иван";"м";"математика";1;2
"Голиков Иван";"м";"математика";2;5
"Голиков Иван";"м";"математика";3;5
"Голиков Иван";"м";"математика";4;3
"Голиков Иван";"м";"русский";1;3
"Голиков Иван";"м";"русский";2;4
"Голиков Иван";"м";"русский";3;5
"Голиков Иван";"м";"русский";4;2
"Голиков Иван";"м";"иностранный";1;4
"Голиков Иван";"м";"иностранный";2;4
"Голиков Иван";"м";"иностранный";3;4
"Голиков Иван";"м";"иностранный";4;4
"Голиков Иван";"м";"история";1;4
"Голиков Иван";"м";"история";2;5
"Голиков Иван";"м";"история";3;2
"Голиков Иван";"м";"история";4;2
"Голиков Иван";"м";"физика";1;3
"Голиков Иван";"м";"физика";2;5
"Голиков Иван";"м";"физика";3;4
"Голиков Иван";"м";"физика";4;3
"Сафонов Юрий";"м";"математика";1;5
"Сафонов Юрий";"м";"математика";2;5
"Сафонов Юрий";"м";"математика";3;4
"Сафонов Юрий";"м";"математика";4;5
"Сафонов Юрий";"м";"русский";1;4
"Сафонов Юрий";"м";"русский";2;5
"Сафонов Юрий";"м";"русский";3;4
"Сафонов Юрий";"м";"русский";4;3
"Сафонов Юрий";"м";"иностранный";1;4
"Сафонов Юрий";"м";"иностранный";2;4
"Сафонов Юрий";"м";"иностранный";3;5
"Сафонов Юрий";"м";"иностранный";4;4
"Сафонов Юрий";"м";"история";1;5
"Сафонов Юрий";"м";"история";2;5
"Сафонов Юрий";"м";"история";3;5
"Сафонов Юрий";"м";"история";4;4
"Сафонов Юрий";"м";"физика";1;2
"Сафонов Юрий";"м";"физика";2;5
"Сафонов Юрий";"м";"физика";3;3
"Сафонов Юрий";"м";"физика";4;5
"Зорина Алена";"ж";"математика";1;5
"Зорина Алена";"ж";"математика";2;3
"Зорина Алена";"ж";"математика";3;5
"Зорина Алена";"ж";"математика";4;5
"Зорина Алена";"ж";"русский";1;5
"Зорина Алена";"ж";"русский";2;5
"Зорина Алена";"ж";"русский";3;2
"Зорина Алена";"ж";"русский";4;3
"Зорина Алена";"ж";"иностранный";1;3
"Зорина Алена";"ж";"иностранный";2;3
"Зорина Алена";"ж";"иностранный";3;2
"Зорина Алена";"ж";"иностранный";4;3
"Зорина Алена";"ж";"история";1;5
"Зорина Алена";"ж";"история";2;5
"Зорина Алена";"ж";"история";3;5
"Зорина Алена";"ж";"история";4;3
"Зорина Алена";"ж";"физика";1;3
"Зорина Алена";"ж";"физика";2;3
"Зорина Алена";"ж";"физика";3;2
"Зорина Алена";"ж";"физика";4;4
"Агапова Евгения";"ж";"математика";1;3
"Агапова Евгения";"ж";"математика";2;4
"Агапова Евгения";"ж";"математика";3;2
"Агапова Евгения";"ж";"математика";4;4
"Агапова Евгения";"ж";"русский";1;5
"Агапова Евгения";"ж";"русский";2;3
"Агапова Евгения";"ж";"русский";3;2
"Агапова Евгения";"ж";"русский";4;2
"Агапова Евгения";"ж";"иностранный";1;4
"Агапова Евгения";"ж";"иностранный";2;3
"Агапова Евгения";"ж";"иностранный";3;3
"Агапова Евгения";"ж";"иностранный";4;4
"Агапова Евгения";"ж";"история";1;5
"Агапова Евгения";"ж";"история";2;4
"Агапова Евгения";"ж";"история";3;4
"Агапова Евгения";"ж";"история";4;5
"Агапова Евгения";"ж";"физика";1;3
"Агапова Евгения";"ж";"физика";2;3
"Агапова Евгения";"ж";"физика";3;4
"Агапова Евгения";"ж";"физика";4;5
"Серебрякова Наталья";"ж";"математика";1;5
"Серебрякова Наталья";"ж";"математика";2;4
"Серебрякова Наталья";"ж";"математика";3;5
"Серебрякова Наталья";"ж";"математика";4;5
"Серебрякова Наталья";"ж";"русский";1;5
"Серебрякова Наталья";"ж";"русский";2;5
"Серебрякова Наталья";"ж";"русский";3;4
"Серебрякова Наталья";"ж";"русский";4;5
"Серебрякова Наталья";"ж";"иностранный";1;3
"Серебрякова Наталья";"ж";"иностранный";2;5
"Серебрякова Наталья";"ж";"иностранный";3;4
"Серебрякова Наталья";"ж";"иностранный";4;4
"Серебрякова Наталья";"ж";"история";1;5
"Серебрякова Наталья";"ж";"история";2;5
"Серебрякова Наталья";"ж";"история";3;2
"Серебрякова Наталья";"ж";"история";4;4
"Серебрякова Наталья";"ж";"физика";1;5
"Серебрякова Наталья";"ж";"физика";2;5
"Серебрякова Наталья";"ж";"физика";3;5
"Серебрякова Наталья";"ж";"физика";4;4
"Горелова Наталья";"ж";"математика";1;4
"Горелова Наталья";"ж";"математика";2;3
"Горелова Наталья";"ж";"математика";3;4
"Горелова Наталья";"ж";"математика";4;2
"Горелова Наталья";"ж";"русский";1;2
"Горелова Наталья";"ж";"русский";2;4
"Горелова Наталья";"ж";"русский";3;5
"Горелова Наталья";"ж";"русский";4;3
"Горелова Наталья";"ж";"иностранный";1;4
"Горелова Наталья";"ж";"иностранный";2;5
"Горелова Наталья";"ж";"иностранный";3;5
"Горелова Наталья";"ж";"иностранный";4;5
"Горелова Наталья";"ж";"история";1;5
"Горелова Наталья";"ж";"история";2;2
"Горелова Наталья";"ж";"история";3;5
"Горелова Наталья";"ж";"история";4;5
"Горелова Наталья";"ж";"физика";1;3
"Горелова Наталья";"ж";"физика";2;4
"Горелова Наталья";"ж";"физика";3;4
"Горелова Наталья";"ж";"физика";4;4
"Кравцов Юрий";"м";"математика";1;5
"Кравцов Юрий";"м";"математика";2;2
"Кравцов Юрий";"м";"математика";3;5
"Кравцов Юрий";"м";"математика";4;5
"Кравцов Юрий";"м";"русский";1;4
"Кравцов Юрий";"м";"русский";2;5
"Кравцов Юрий";"м";"русский";3;5
"Кравцов Юрий";"м";"русский";4;5
"Кравцов Юрий";"м";"иностранный";1;5
"Кравцов Юрий";"м";"иностранный";2;5
"Кравцов Юрий";"м";"иностранный";3;5
"Кравцов Юрий";"м";"иностранный";4;5
"Кравцов Юрий";"м";"история";1;4
"Кравцов Юрий";"м";"история";2;3
"Кравцов Юрий";"м";"история";3;4
"Кравцов Юрий";"м";"история";4;5
"Кравцов Юрий";"м";"физика";1;4
"Кравцов Юрий";"м";"физика";2;3
"Кравцов Юрий";"м";"физика";3;5
"Кравцов Юрий";"м";"физика";4;4
"Пономарев Владимир";"м";"математика";1;3
"Пономарев Владимир";"м";"математика";2;3
"Пономарев Владимир";"м";"математика";3;2
"Пономарев Владимир";"м";"математика";4;5
"Пономарев Владимир";"м";"русский";1;4
"Пономарев Владимир";"м";"русский";2;4
"Пономарев Владимир";"м";"русский";3;3
"Пономарев Владимир";"м";"русский";4;5
"Пономарев Владимир";"м";"иностранный";1;3
"Пономарев Владимир";"м";"иностранный";2;5
"Пономарев Владимир";"м";"иностранный";3;3
"Пономарев Владимир";"м";"иностранный";4;5
"Пономарев Владимир";"м";"история";1;4
"Пономарев Владимир";"м";"история";2;3
"Пономарев Владимир";"м";"история";3;4
"Пономарев Владимир";"м";"история";4;4
"Пономарев Владимир";"м";"физика";1;3
"Пономарев Владимир";"м";"физика";2;3
"Пономарев Владимир";"м";"физика";3;4
"Пономарев Владимир";"м";"физика";4;4
"Дорофеев Илья";"м";"математика";1;5
"Дорофеев Илья";"м";"математика";2;5
"Дорофеев Илья";"м";"математика";3;5
"Дорофеев Илья";"м";"математика";4;4
"Дорофеев Илья";"м";"русский";1;3
"Дорофеев Илья";"м";"русский";2;5
"Дорофеев Илья";"м";"русский";3;5
"Дорофеев Илья";"м";"русский";4;4
"Дорофеев Илья";"м";"иностранный";1;3
"Дорофеев Илья";"м";"иностранный";2;3
"Дорофеев Илья";"м";"иностранный";3;4
"Дорофеев Илья";"м";"иностранный";4;4
"Дорофеев Илья";"м";"история";1;4
"Дорофеев Илья";"м";"история";2;5
"Дорофеев Илья";"м";"история";3;4
"Дорофеев Илья";"м";"история";4;4
"Дорофеев Илья";"м";"физика";1;5
"Дорофеев Илья";"м";"физика";2;3
"Дорофеев Илья";"м";"физика";3;5
"Дорофеев Илья";"м";"физика";4;4
"Савельева Тамара";"ж";"математика";1;5
"Савельева Тамара";"ж";"математика";2;3
"Савельева Тамара";"ж";"математика";3;5
"Савельева Тамара";"ж";"математика";4;5
"Савельева Тамара";"ж";"русский";1;3
"Савельева Тамара";"ж";"русский";2;3
"Савельева Тамара";"ж";"русский";3;4
"Савельева Тамара";"ж";"русский";4;3
"Савельева Тамара";"ж";"иностранный";1;5
"Савельева Тамара";"ж";"иностранный";2;3
"Савельева Тамара";"ж";"иностранный";3;3
"Савельева Тамара";"ж";"иностранный";4;3
"Савельева Тамара";"ж";"история";1;4
"Савельева Тамара";"ж";"история";2;3
"Савельева Тамара";"ж";"история";3;3
"Савельева Тамара";"ж";"история";4;5
"Савельева Тамара";"ж";"физика";1;5
"Савельева Тамара";"ж";"физика";2;5
"Савельева Тамара";"ж";"физика";3;5
"Савельева Тамара";"ж";"физика";4;5
"Корнева Ирина";"ж";"математика";1;5
"Корнева Ирина";"ж";"математика";2;4
"Корнева Ирина";"ж";"математика";3;5
"Корнева Ирина";"ж";"математика";4;3
"Корнева Ирина";"ж";"русский";1;4
"Корнева Ирина";"ж";"русский";2;3
"Корнева Ирина";"ж";"русский";3;5
"Корнева Ирина";"ж";"русский";4;5
"Корнева Ирина";"ж";"иностранный";1;4
"Корнева Ирина";"ж";"иностранный";2;5
"Корнева Ирина";"ж";"иностранный";3;4
"Корнева Ирина";"ж";"иностранный";4;3
"Корнева Ирина";"ж";"история";1;3
"Корнева Ирина";"ж";"история";2;4
"Корнева Ирина";"ж";"история";3;4
"Корнева Ирина";"ж";"история";4;4
"Корнева Ирина";"ж";"физика";1;5
"Корнева Ирина";"ж";"физика";2;2
"Корнева Ирина";"ж";"физика";3;3
"Корнева Ирина";"ж";"физика";4;5
"Звягинцева Марина";"ж";"математика";1;2
"Звягинцева Марина";"ж";"математика";2;4
"Звягинцева Марина";"ж";"математика";3;5
"Звягинцева Марина";"ж";"математика";4;5
"Звягинцева Марина";"ж";"русский";1;2
"Звягинцева Марина";"ж";"русский";2;5
"Звягинцева Марина";"ж";"русский";3;5
"Звягинцева Марина";"ж";"русский";4;2
"Звягинцева Марина";"ж";"иностранный";1;4
"Звягинцева Марина";"ж";"иностранный";2;4
"Звягинцева Марина";"ж";"иностранный";3;5
"Звягинцева Марина";"ж";"иностранный";4;4
"Звягинцева Марина";"ж";"история";1;5
"Звягинцева Марина";"ж";"история";2;5
"Звягинцева Марина";"ж";"история";3;2
"Звягинцева Марина";"ж";"история";4;3
"Звягинцева Марина";"ж";"физика";1;2
"Звягинцева Марина";"ж";"физика";2;4
"Звягинцева Марина";"ж";"физика";3;4
"Звягинцева Марина";"ж";"физика";4;5
"Сергеев Виталий";"м";"математика";1;4
"Сергеев Виталий";"м";"математика";2;5
"Сергеев Виталий";"м";"математика";3;3
"Сергеев Виталий";"м";"математика";4;3
"Сергеев Виталий";"м";"русский";1;5
"Сергеев Виталий";"м";"русский";2;4
"Сергеев Виталий";"м";"русский";3;5
"Сергеев Виталий";"м";"русский";4;3
"Сергеев Виталий";"м";"иностранный";1;3
"Сергеев Виталий";"м";"иностранный";2;5
"Сергеев Виталий";"м";"иностранный";3;4
"Сергеев Виталий";"м";"иностранный";4;4
"Сергеев Виталий";"м";"история";1;2
"Сергеев Виталий";"м";"история";2;4
"Сергеев Виталий";"м";"история";3;2
"Сергеев Виталий";"м";"история";4;5
"Сергеев Виталий";"м";"физика";1;5
"Сергеев Виталий";"м";"физика";2;4
"Сергеев Виталий";"м";"физика";3;4
"Сергеев Виталий";"м";"физика";4;4
"Ширяева Елена";"ж";"математика";1;4
"Ширяева Елена";"ж";"математика";2;4
"Ширяева Елена";"ж";"математика";3;3
"Ширяева Елена";"ж";"математика";4;3
"Ширяева Елена";"ж";"русский";1;3
"Ширяева Елена";"ж";"русский";2;5
"Ширяева Елена";"ж";"русский";3;3
"Ширяева Елена";"ж";"русский";4;5
"Ширяева Елена";"ж";"иностранный";1;4
"Ширяева Елена";"ж";"иностранный";2;5
"Ширяева Елена";"ж";"иностранный";3;3
"Ширяева Елена";"ж";"иностранный";4;2
"Ширяева Елена";"ж";"история";1;4
"Ширяева Елена";"ж";"история";2;3
"Ширяева Елена";"ж";"история";3;5
"Ширяева Елена";"ж";"история";4;4
"Ширяева Елена";"ж";"физика";1;3
"Ширяева Елена";"ж";"физика";2;5
"Ширяева Елена";"ж";"физика";3;4
"Ширяева Елена";"ж";"физика";4;4
"Малахова Дарья";"ж";"математика";1;2
"Малахова Дарья";"ж";"математика";2;4
"Малахова Дарья";"ж";"математика";3;3
"Малахова Дарья";"ж";"математика";4;5
"Малахова Дарья";"ж";"русский";1;4
"Малахова Дарья";"ж";"русский";2;4
"Малахова Дарья";"ж";"русский";3;3
"Малахова Дарья";"ж";"русский";4;4
"Малахова Дарья";"ж";"иностранный";1;5
"Малахова Дарья";"ж";"иностранный";2;5
"Малахова Дарья";"ж";"иностранный";3;4
"Малахова Дарья";"ж";"иностранный";4;5
"Малахова Дарья";"ж";"история";1;3
"Малахова Дарья";"ж";"история";2;3
"Малахова Дарья";"ж";"история";3;3
"Малахова Дарья";"ж";"история";4;5
"Малахова Дарья";"ж";"физика";1;5
"Малахова Дарья";"ж";"физика";2;3
"Малахова Дарья";"ж";"физика";3;5
"Малахова Дарья";"ж";"физика";4;5
"Мартынова Надежда";"ж";"математика";1;4
"Мартынова Надежда";"ж";"математика";2;4
"Мартынова Надежда";"ж";"математика";3;5
"Мартынова Надежда";"ж";"математика";4;3
"Мартынова Надежда";"ж";"русский";1;3
"Мартынова Надежда";"ж";"русский";2;2
"Мартынова Надежда";"ж";"русский";3;4
"Мартынова Надежда";"ж";"русский";4;3
"Мартынова Надежда";"ж";"иностранный";1;4
"Мартынова Надежда";"ж";"иностранный";2;3
"Мартынова Надежда";"ж";"иностранный";3;5
"Мартынова Надежда";"ж";"иностранный";4;4
"Мартынова Надежда";"ж";"история";1;3
"Мартынова Надежда";"ж";"история";2;4
"Мартынова Надежда";"ж";"история";3;4
"Мартынова Надежда";"ж";"история";4;3
"Мартынова Надежда";"ж";"физика";1;4
"Мартынова Надежда";"ж";"физика";2;4
"Мартынова Надежда";"ж";"физика";3;3
"Мартынова Надежда";"ж";"физика";4;5
"Завьялова Елена";"ж";"математика";1;5
"Завьялова Елена";"ж";"математика";2;5
"Завьялова Елена";"ж";"математика";3;4
"Завьялова Елена";"ж";"математика";4;5
"Завьялова Елена";"ж";"русский";1;2
"Завьялова Елена";"ж";"русский";2;5
"Завьялова Елена";"ж";"русский";3;5
"Завьялова Елена";"ж";"русский";4;4
"Завьялова Елена";"ж";"иностранный";1;3
"Завьялова Елена";"ж";"иностранный";2;2
"Завьялова Елена";"ж";"иностранный";3;4
"Завьялова Елена";"ж";"иностранный";4;5
"Завьялова Елена";"ж";"история";1;5
"Завьялова Елена";"ж";"история";2;3
"Завьялова Елена";"ж";"история";3;3
"Завьялова Елена";"ж";"история";4;5
"Завьялова Елена";"ж";"физика";1;5
"Завьялова Елена";"ж";"физика";2;5
"Завьялова Елена";"ж";"физика";3;3
"Завьялова Елена";"ж";"физика";4;5
"Леонтьева Светлана";"ж";"математика";1;5
"Леонтьева Светлана";"ж";"математика";2;5
"Леонтьева Светлана";"ж";"математика";3;5
"Леонтьева Светлана";"ж";"математика";4;5
"Леонтьева Светлана";"ж";"русский";1;3
"Леонтьева Светлана";"ж";"русский";2;3
"Леонтьева Светлана";"ж";"русский";3;4
"Леонтьева Светлана";"ж";"русский";4;3
"Леонтьева Светлана";"ж";"иностранный";1;5
"Леонтьева Светлана";"ж";"иностранный";2;3
"Леонтьева Светлана";"ж";"иностранный";3;5
"Леонтьева Светлана";"ж";"иностранный";4;3
"Леонтьева Светлана";"ж";"история";1;3
"Леонтьева Светлана";"ж";"история";2;4
"Леонтьева Светлана";"ж";"история";3;5
"Леонтьева Светлана";"ж";"история";4;5
"Леонтьева Светлана";"ж";"физика";1;5
"Леонтьева Светлана";"ж";"физика";2;5
"Леонтьева Светлана";"ж";"физика";3;5
"Леонтьева Светлана";"ж";"физика";4;5
"Колпакова Наталья";"ж";"математика";1;4
"Колпакова Наталья";"ж";"математика";2;4
"Колпакова Наталья";"ж";"математика";3;4
"Колпакова Наталья";"ж";"математика";4;4
"Колпакова Наталья";"ж";"русский";1;4
"Колпакова Наталья";"ж";"русский";2;4
"Колпакова Наталья";"ж";"русский";3;2
"Колпакова Наталья";"ж";"русский";4;5
"Колпакова Наталья";"ж";"иностранный";1;3
"Колпакова Наталья";"ж";"иностранный";2;4
"Колпакова Наталья";"ж";"иностранный";3;5
"Колпакова Наталья";"ж";"иностранный";4;5
"Колпакова Наталья";"ж";"история";1;3
"Колпакова Наталья";"ж";"история";2;4
"Колпакова Наталья";"ж";"история";3;3
"Колпакова Наталья";"ж";"история";4;5
"Колпакова Наталья";"ж";"физика";1;3
"Колпакова Наталья";"ж";"физика";2;3
"Колпакова Наталья";"ж";"физика";3;3
"Колпакова Наталья";"ж";"физика";4;3
"Швецов Константин";"м";"математика";1;5
"Швецов Константин";"м";"математика";2;5
"Швецов Константин";"м";"математика";3;5
"Швецов Константин";"м";"математика";4;5
"Швецов Константин";"м";"русский";1;4
"Швецов Константин";"м";"русский";2;4
"Швецов Константин";"м";"русский";3;3
"Швецов Константин";"м";"русский";4;5
"Швецов Константин";"м";"иностранный";1;3
"Швецов Константин";"м";"иностранный";2;5
"Швецов Константин";"м";"иностранный";3;5
"Швецов Константин";"м";"иностранный";4;3
"Швецов Константин";"м";"история";1;4
"Швецов Константин";"м";"история";2;2
"Швецов Константин";"м";"история";3;5
"Швецов Константин";"м";"история";4;3
"Швецов Константин";"м";"физика";1;5
"Швецов Константин";"м";"физика";2;5
"Швецов Константин";"м";"физика";3;4
"Швецов Константин";"м";"физика";4;5
"Столяров Петр";"м";"математика";1;5
"Столяров Петр";"м";"математика";2;4
"Столяров Петр";"м";"математика";3;5
"Столяров Петр";"м";"математика";4;4
"Столяров Петр";"м";"русский";1;5
"Столяров Петр";"м";"русский";2;4
"Столяров Петр";"м";"русский";3;4
"Столяров Петр";"м";"русский";4;3
"Столяров Петр";"м";"иностранный";1;3
"Столяров Петр";"м";"иностранный";2;2
"Столяров Петр";"м";"иностранный";3;2
"Столяров Петр";"м";"иностранный";4;4
"Столяров Петр";"м";"история";1;4
"Столяров Петр";"м";"история";2;3
"Столяров Петр";"м";"история";3;4
"Столяров Петр";"м";"история";4;5
"Столяров Петр";"м";"физика";1;4
"Столяров Петр";"м";"физика";2;5
"Столяров Петр";"м";"физика";3;4
"Столяров Петр";"м";"физика";4;4
"Никонов Анатолий";"м";"математика";1;5
"Никонов Анатолий";"м";"математика";2;5
"Никонов Анатолий";"м";"математика";3;5
"Никонов Анатолий";"м";"математика";4;5
"Никонов Анатолий";"м";"русский";1;4
"Никонов Анатолий";"м";"русский";2;4
"Никонов Анатолий";"м";"русский";3;2
"Никонов Анатолий";"м";"русский";4;2
"Никонов Анатолий";"м";"иностранный";1;4
"Никонов Анатолий";"м";"иностранный";2;5
"Никонов Анатолий";"м";"иностранный";3;5
"Никонов Анатолий";"м";"иностранный";4;3
"Никонов Анатолий";"м";"история";1;3
"Никонов Анатолий";"м";"история";2;2
"Никонов Анатолий";"м";"история";3;5
"Никонов Анатолий";"м";"история";4;4
"Никонов Анатолий";"м";"физика";1;5
"Никонов Анатолий";"м";"физика";2;3
"Никонов Анатолий";"м";"физика";3;5
"Никонов Анатолий";"м";"физика";4;3
"Родионова Галина";"ж";"математика";1;5
"Родионова Галина";"ж";"математика";2;5
"Родионова Галина";"ж";"математика";3;5
"Родионова Галина";"ж";"математика";4;5
"Родионова Галина";"ж";"русский";1;4
"Родионова Галина";"ж";"русский";2;5
"Родионова Галина";"ж";"русский";3;4
"Родионова Галина";"ж";"русский";4;2
"Родионова Галина";"ж";"иностранный";1;3
"Родионова Галина";"ж";"иностранный";2;5
"Родионова Галина";"ж";"иностранный";3;5
"Родионова Галина";"ж";"иностранный";4;4
"Родионова Галина";"ж";"история";1;2
"Родионова Галина";"ж";"история";2;4
"Родионова Галина";"ж";"история";3;2
"Родионова Галина";"ж";"история";4;4
"Родионова Галина";"ж";"физика";1;5
"Родионова Галина";"ж";"физика";2;5
"Родионова Галина";"ж";"физика";3;4
"Родионова Галина";"ж";"физика";4;2
"Царева Светлана";"ж";"математика";1;4
"Царева Светлана";"ж";"математика";2;5
"Царева Светлана";"ж";"математика";3;4
"Царева Светлана";"ж";"математика";4;5
"Царева Светлана";"ж";"русский";1;3
"Царева Светлана";"ж";"русский";2;3
"Царева Светлана";"ж";"русский";3;4
"Царева Светлана";"ж";"русский";4;4
"Царева Светлана";"ж";"иностранный";1;4
"Царева Светлана";"ж";"иностранный";2;5
"Царева Светлана";"ж";"иностранный";3;4
"Царева Светлана";"ж";"иностранный";4;4
"Царева Светлана";"ж";"история";1;4
"Царева Светлана";"ж";"история";2;5
"Царева Светлана";"ж";"история";3;5
"Царева Светлана";"ж";"история";4;5
"Царева Светлана";"ж";"физика";1;3
"Царева Светлана";"ж";"физика";2;5
"Царева Светлана";"ж";"физика";3;4
"Царева Светлана";"ж";"физика";4;2
"Макеева Надежда";"ж";"математика";1;4
"Макеева Надежда";"ж";"математика";2;3
"Макеева Надежда";"ж";"математика";3;5
"Макеева Надежда";"ж";"математика";4;4
"Макеева Надежда";"ж";"русский";1;3
"Макеева Надежда";"ж";"русский";2;2
"Макеева Надежда";"ж";"русский";3;5
"Макеева Надежда";"ж";"русский";4;2
"Макеева Надежда";"ж";"иностранный";1;2
"Макеева Надежда";"ж";"иностранный";2;2
"Макеева Надежда";"ж";"иностранный";3;4
"Макеева Надежда";"ж";"иностранный";4;5
"Макеева Надежда";"ж";"история";1;4
"Макеева Надежда";"ж";"история";2;4
"Макеева Надежда";"ж";"история";3;3
"Макеева Надежда";"ж";"история";4;4
"Макеева Надежда";"ж";"физика";1;5
"Макеева Надежда";"ж";"физика";2;2
"Макеева Надежда";"ж";"физика";3;3
"Макеева Надежда";"ж";"физика";4;5
"Воронова Лилия";"ж";"математика";1;5
"Воронова Лилия";"ж";"математика";2;4
"Воронова Лилия";"ж";"математика";3;4
"Воронова Лилия";"ж";"математика";4;4
"Воронова Лилия";"ж";"русский";1;5
"Воронова Лилия";"ж";"русский";2;3
"Воронова Лилия";"ж";"русский";3;4
"Воронова Лилия";"ж";"русский";4;3
"Воронова Лилия";"ж";"иностранный";1;5
"Воронова Лилия";"ж";"иностранный";2;3
"Воронова Лилия";"ж";"иностранный";3;5
"Воронова Лилия";"ж";"иностранный";4;5
"Воронова Лилия";"ж";"история";1;5
"Воронова Лилия";"ж";"история";2;3
"Воронова Лилия";"ж";"история";3;2
"Воронова Лилия";"ж";"история";4;4
"Воронова Лилия";"ж";"физика";1;3
"Воронова Лилия";"ж";"физика";2;3
"Воронова Лилия";"ж";"физика";3;3
"Воронова Лилия";"ж";"физика";4;5
"Терехов Виктор";"м";"математика";1;3
"Терехов Виктор";"м";"математика";2;4
"Терехов Виктор";"м";"математика";3;4
"Терехов Виктор";"м";"математика";4;3
"Терехов Виктор";"м";"русский";1;4
"Терехов Виктор";"м";"русский";2;4
"Терехов Виктор";"м";"русский";3;5
"Терехов Виктор";"м";"русский";4;3
"Терехов Виктор";"м";"иностранный";1;5
"Терехов Виктор";"м";"иностранный";2;4
"Терехов Виктор";"м";"иностранный";3;2
"Терехов Виктор";"м";"иностранный";4;5
"Терехов Виктор";"м";"история";1;3
"Терехов Виктор";"м";"история";2;5
"Терехов Виктор";"м";"история";3;4
"Терехов Виктор";"м";"история";4;2
"Терехов Виктор";"м";"физика";1;4
"Терехов Виктор";"м";"физика";2;4
"Терехов Виктор";"м";"физика";3;4
"Терехов Виктор";"м";"физика";4;4
"Андреев Николай";"м";"математика";1;5
"Андреев Николай";"м";"математика";2;4
"Андреев Николай";"м";"математика";3;5
"Андреев Николай";"м";"математика";4;5
"Андреев Николай";"м";"русский";1;5
"Андреев Николай";"м";"русский";2;3
"Андреев Николай";"м";"русский";3;3
"Андреев Николай";"м";"русский";4;3
"Андреев Николай";"м";"иностранный";1;3
"Андреев Николай";"м";"иностранный";2;5
"Андреев Николай";"м";"иностранный";3;4
"Андреев Николай";"м";"иностранный";4;4
"Андреев Николай";"м";"история";1;5
"Андреев Николай";"м";"история";2;4
"Андреев Николай";"м";"история";3;5
"Андреев Николай";"м";"история";4;5
"Андреев Николай";"м";"физика";1;3
"Андреев Николай";"м";"физика";2;5
"Андреев Николай";"м";"физика";3;2
"Андреев Николай";"м";"физика";4;4
"Фадеев Николай";"м";"математика";1;5
"Фадеев Николай";"м";"математика";2;4
"Фадеев Николай";"м";"математика";3;3
"Фадеев Николай";"м";"математика";4;5
"Фадеев Николай";"м";"русский";1;3
"Фадеев Николай";"м";"русский";2;3
"Фадеев Николай";"м";"русский";3;3
"Фадеев Николай";"м";"русский";4;5
"Фадеев Николай";"м";"иностранный";1;3
"Фадеев Николай";"м";"иностранный";2;2
"Фадеев Николай";"м";"иностранный";3;3
"Фадеев Николай";"м";"иностранный";4;4
"Фадеев Николай";"м";"история";1;5
"Фадеев Николай";"м";"история";2;3
"Фадеев Николай";"м";"история";3;2
"Фадеев Николай";"м";"история";4;4
"Фадеев Николай";"м";"физика";1;5
"Фадеев Николай";"м";"физика";2;4
"Фадеев Николай";"м";"физика";3;3
"Фадеев Николай";"м";"физика";4;3
"Снегирева Ольга";"ж";"математика";1;5
"Снегирева Ольга";"ж";"математика";2;3
"Снегирева Ольга";"ж";"математика";3;2
"Снегирева Ольга";"ж";"математика";4;5
"Снегирева Ольга";"ж";"русский";1;2
"Снегирева Ольга";"ж";"русский";2;5
"Снегирева Ольга";"ж";"русский";3;3
"Снегирева Ольга";"ж";"русский";4;5
"Снегирева Ольга";"ж";"иностранный";1;4
"Снегирева Ольга";"ж";"иностранный";2;4
"Снегирева Ольга";"ж";"иностранный";3;4
"Снегирева Ольга";"ж";"иностранный";4;5
"Снегирева Ольга";"ж";"история";1;3
"Снегирева Ольга";"ж";"история";2;3
"Снегирева Ольга";"ж";"история";3;5
"Снегирева Ольга";"ж";"история";4;3
"Снегирева Ольга";"ж";"физика";1;3
"Снегирева Ольга";"ж";"физика";2;3
"Снегирева Ольга";"ж";"физика";3;4
"Снегирева Ольга";"ж";"физика";4;3
"Панкратов Дмитрий";"м";"математика";1;4
"Панкратов Дмитрий";"м";"математика";2;5
"Панкратов Дмитрий";"м";"математика";3;4
"Панкратов Дмитрий";"м";"математика";4;5
"Панкратов Дмитрий";"м";"русский";1;3
"Панкратов Дмитрий";"м";"русский";2;3
"Панкратов Дмитрий";"м";"русский";3;5
"Панкратов Дмитрий";"м";"русский";4;4
"Панкратов Дмитрий";"м";"иностранный";1;3
"Панкратов Дмитрий";"м";"иностранный";2;2
"Панкратов Дмитрий";"м";"иностранный";3;5
"Панкратов Дмитрий";"м";"иностранный";4;2
"Панкратов Дмитрий";"м";"история";1;3
"Панкратов Дмитрий";"м";"история";2;3
"Панкратов Дмитрий";"м";"история";3;2
"Панкратов Дмитрий";"м";"история";4;5
"Панкратов Дмитрий";"м";"физика";1;3
"Панкратов Дмитрий";"м";"физика";2;2
"Панкратов Дмитрий";"м";"физика";3;2
"Панкратов Дмитрий";"м";"физика";4;3
"Кулагин Арсений";"м";"математика";1;4
"Кулагин Арсений";"м";"математика";2;3
"Кулагин Арсений";"м";"математика";3;4
"Кулагин Арсений";"м";"математика";4;3
"Кулагин Арсений";"м";"русский";1;4
"Кулагин Арсений";"м";"русский";2;4
"Кулагин Арсений";"м";"русский";3;3
"Кулагин Арсений";"м";"русский";4;4
"Кулагин Арсений";"м";"иностранный";1;5
"Кулагин Арсений";"м";"иностранный";2;3
"Кулагин Арсений";"м";"иностранный";3;5
"Кулагин Арсений";"м";"иностранный";4;3
"Кулагин Арсений";"м";"история";1;5
"Кулагин Арсений";"м";"история";2;3
"Кулагин Арсений";"м";"история";3;5
"Кулагин Арсений";"м";"история";4;2
"Кулагин Арсений";"м";"физика";1;2
"Кулагин Арсений";"м";"физика";2;3
"Кулагин Арсений";"м";"физика";3;4
"Кулагин Арсений";"м";"физика";4;5
"Константинов Антон";"м";"математика";1;4
"Константинов Антон";"м";"математика";2;5
"Константинов Антон";"м";"математика";3;3
"Константинов Антон";"м";"математика";4;4
"Константинов Антон";"м";"русский";1;4
"Константинов Антон";"м";"русский";2;5
"Константинов Антон";"м";"русский";3;4
"Константинов Антон";"м";"русский";4;5
"Константинов Антон";"м";"иностранный";1;3
"Константинов Антон";"м";"иностранный";2;5
"Константинов Антон";"м";"иностранный";3;2
"Константинов Антон";"м";"иностранный";4;5
"Константинов Антон";"м";"история";1;5
"Константинов Антон";"м";"история";2;4
"Константинов Антон";"м";"история";3;2
"Константинов Антон";"м";"история";4;5
"Константинов Антон";"м";"физика";1;5
"Константинов Антон";"м";"физика";2;3
"Константинов Антон";"м";"физика";3;3
"Константинов Антон";"м";"физика";4;5
